ts_code,trade_date,total_mv,float_mv,total_share,float_share,free_share,turnover_rate,turnover_rate_f,pe,pe_ttm,pb
000001.SH,20260717,73577146698827.0,57852061278295.0,5895830216838.0,4752065993001.0,1829594979088.0,1.33,3.47,16.3,16.09,1.42
000001.SH,20260716,75546694973455.0,59659235807547.0,5895524110455.0,4751797299086.0,1829484766241.0,1.09,2.84,16.74,16.53,1.46
000001.SH,20260715,76709855814784.0,60732287945271.0,5853696166244.0,4740917158941.0,1818679614743.0,1.18,3.08,17.02,16.8,1.48
000001.SH,20260714,76855999410294.0,60890526385165.0,5853558813415.0,4740813451199.0,1818576070073.0,1.19,3.1,17.06,16.84,1.49
000001.SH,20260713,75919956108212.0,60045389782728.0,5853400448035.0,4740656511156.0,1818505009414.0,1.21,3.16,16.85,16.63,1.47
000001.SH,20260710,77130541209843.0,61254451972418.0,5845785992925.0,4733672650462.0,1816599184182.0,1.29,3.36,17.12,16.9,1.49
000001.SH,20260709,77810007434687.0,61819725217274.0,5844697289599.0,4732752195517.0,1815904197292.0,1.13,2.94,17.27,17.05,1.5
000001.SH,20260708,76652902861122.0,60825451428907.0,5844489899206.0,4732547946147.0,1815786752085.0,1.02,2.65,17.02,16.8,1.48
000001.SH,20260707,76684506595091.0,61078866517139.0,5841548258298.0,4730805607511.0,1814619955407.0,1.05,2.75,17.03,16.8,1.48
000001.SH,20260706,77471927490678.0,61889082385807.0,5841435536745.0,4730691842484.0,1814501190214.0,1.21,3.14,17.2,16.98,1.49
000001.SH,20260703,77307936756605.0,61931033071526.0,5841473312334.0,4730653535465.0,1814472245168.0,1.24,3.22,17.16,16.94,1.49
000001.SH,20260702,77024168594169.0,61672004267524.0,5841236200902.0,4730397136345.0,1814231835670.0,1.36,3.54,17.1,16.88,1.48
000001.SH,20260701,78482011225774.0,62952462385762.0,5841135532559.0,4730345586941.0,1814254182300.0,1.39,3.61,17.42,17.2,1.51
000001.SH,20260630,78177320291633.0,62658265785193.0,5841046660496.0,4729838744817.0,1814088227572.0,1.23,3.21,17.36,17.13,1.5
000001.SH,20260629,77978344449336.0,62345148835610.0,5840941728717.0,4729450009316.0,1813598290843.0,1.36,3.54,17.31,17.09,1.5
000001.SH,20260626,77048782917542.0,61570216888359.0,5840703781076.0,4727902969228.0,1812877644233.0,1.36,3.55,17.11,16.88,1.48
000001.SH,20260625,78778744871733.0,62999486528983.0,5840423541545.0,4727068212861.0,1811917719760.0,1.38,3.61,17.49,17.26,1.51
000001.SH,20260624,78633489483556.0,62838823377116.0,5839570821410.0,4726590413620.0,1811504252310.0,1.33,3.47,17.46,17.23,1.51
000001.SH,20260623,78618923898959.0,62760923988741.0,5838586535998.0,4726305698347.0,1811510602290.0,1.47,3.83,17.45,17.23,1.51
000001.SH,20260622,79601715769209.0,63640047497505.0,5838498452429.0,4726191015557.0,1811187126566.0,1.54,4.01,17.67,17.44,1.53
000001.SH,20260618,78222391399627.0,62502843458397.0,5838307607373.0,4725783806450.0,1811194384334.0,1.35,3.53,17.37,17.14,1.5
000001.SH,20260617,78696404130755.0,62790158062828.0,5837261840381.0,4724820327715.0,1810500253447.0,1.25,3.27,17.47,17.25,1.51
000001.SH,20260616,78415502354603.0,62556501074106.0,5835932092233.0,4723702141463.0,1809710066399.0,1.27,3.32,17.41,17.18,1.5
000001.SH,20260615,78676776537634.0,62594356198325.0,5835862475264.0,4723226246721.0,1809593850407.0,1.4,3.66,17.47,17.24,1.51
000001.SH,20260612,77797861039886.0,61659058348331.0,5851946069166.0,4739561857335.0,1819417409539.0,1.54,4.01,17.44,17.21,1.49
000001.SH,20260611,76990453721726.0,60960120952437.0,5851692395777.0,4739339877406.0,1819240275460.0,1.17,3.05,17.26,17.03,1.47
000001.SH,20260610,77053365801480.0,61045114685085.0,5851082929092.0,4738867006475.0,1818875405271.0,1.23,3.21,17.28,17.05,1.48
000001.SH,20260609,77294299143750.0,61320865082695.0,5847547998574.0,4738359226044.0,1818518016891.0,1.19,3.09,17.33,17.1,1.48
000001.SH,20260608,76493696626083.0,60525883569337.0,5847070795416.0,4735890288243.0,1818475854860.0,1.36,3.54,17.15,16.93,1.46
000001.SH,20260605,77577721921354.0,61573083342540.0,5846808184174.0,4735649422759.0,1818344072132.0,1.37,3.56,17.39,17.17,1.48
000001.SH,20260604,78117813593978.0,62024834643223.0,5845650281669.0,4734885247896.0,1818080958225.0,1.28,3.33,17.53,17.3,1.49
000001.SH,20260603,78617360198512.0,62458979607192.0,5845422075278.0,4734785070598.0,1818034648537.0,1.36,3.55,17.64,17.41,1.5
000001.SH,20260602,78441633511405.0,62309719305807.0,5845547110890.0,4734922556637.0,1818244521084.0,1.33,3.45,17.6,17.37,1.5
000001.SH,20260601,78076630941930.0,62029210150300.0,5845322970684.0,4734202069446.0,1817994366430.0,1.39,3.62,17.52,17.29,1.49
000001.SH,20260529,78246592165990.0,62188243979167.0,5844796578846.0,4733658131537.0,1817672188202.0,1.51,3.92,17.56,17.33,1.5
000001.SH,20260528,78742150824010.0,62612771631933.0,5844167967759.0,4733022665565.0,1817156550585.0,1.28,3.32,17.67,17.44,1.5
000001.SH,20260527,78636285276355.0,62566393219511.0,5844183005332.0,4732395968214.0,1816518338791.0,1.35,3.53,17.65,17.42,1.5
000001.SH,20260526,79615254794959.0,63361313717173.0,5843938180815.0,4732155715573.0,1816300687507.0,1.34,3.5,17.87,17.63,1.52
000001.SH,20260525,79665856084080.0,63456510256278.0,5843438724091.0,4731677280509.0,1816101272551.0,1.27,3.31,17.88,17.64,1.52
000001.SH,20260522,78853009622515.0,62845231933744.0,5843142617420.0,4730493411092.0,1815796956830.0,1.21,3.16,17.7,17.46,1.51
000001.SH,20260521,78273119698379.0,62310907454072.0,5842662740649.0,4730057130351.0,1815640169306.0,1.49,3.89,17.57,17.34,1.49
000001.SH,20260520,79782151143399.0,63591071642207.0,5842568305496.0,4729959727214.0,1814599862277.0,1.27,3.3,17.9,17.67,1.52
000001.SH,20260519,79838493560910.0,63702783576326.0,5841394931753.0,4729441313560.0,1814121776987.0,1.28,3.33,17.92,17.68,1.52
000001.SH,20260518,79139893022131.0,63104033581548.0,5841355494594.0,4729442890917.0,1814174337760.0,1.3,3.38,17.76,17.53,1.51
000001.SH,20260515,79206116492964.0,63154575762912.0,5841097687893.0,4728918051289.0,1814028013583.0,1.52,3.95,17.78,17.54,1.51
000001.SH,20260514,79925230470396.0,63818152193706.0,5841000181375.0,4728866769207.0,1813906666061.0,1.58,4.11,17.94,17.7,1.53
000001.SH,20260513,81008157264854.0,64826649610395.0,5840978755526.0,4728835277071.0,1813837649721.0,1.45,3.78,18.18,17.94,1.55
000001.SH,20260512,80600786766383.0,64411336717888.0,5840894930399.0,4728821740667.0,1813856015215.0,1.48,3.87,18.09,17.85,1.54
000001.SH,20260511,80742262144565.0,64647853482874.0,5862673055648.0,4751003008553.0,1827205792270.0,1.58,4.1,18.16,17.93,1.54
000001.SH,20260508,79968170140798.0,63962614733649.0,5862340239807.0,4749502441199.0,1827232106627.0,1.44,3.74,17.99,17.76,1.52
000001.SH,20260507,80006697608953.0,63974222240772.0,5862128142010.0,4749220575331.0,1827257936530.0,1.42,3.69,18.0,17.77,1.52
000001.SH,20260506,79765039522022.0,63673465419654.0,5862089852877.0,4749138487686.0,1827202641896.0,1.45,3.78,17.94,17.72,1.52
000001.SH,20260430,79041059025926.0,62929673857212.0,5862031201053.0,4749081489415.0,1830353695023.0,1.36,3.54,17.78,17.56,1.51
000001.SH,20260429,78925666823096.0,62925971516660.0,5861828004971.0,4750328632227.0,1829564046058.0,1.28,3.31,17.55,17.47,1.52
000001.SH,20260428,78411741298639.0,62485725333744.0,5861615191523.0,4750195613173.0,1827708409635.0,1.24,3.23,17.43,17.39,1.52
000001.SH,20260427,78446793367074.0,62592430041882.0,5861590754451.0,4750187284753.0,1827293802799.0,1.22,3.17,17.34,17.33,1.52
000001.SH,20260424,78320971276325.0,62495456961589.0,5861427684801.0,4749966205300.0,1825926112379.0,1.25,3.25,17.25,17.23,1.52
000001.SH,20260423,78480473509686.0,62694931586710.0,5861140835856.0,4749865765058.0,1825430366975.0,1.39,3.61,17.29,17.28,1.53
000001.SH,20260422,78698482282299.0,62883998870152.0,5861131336935.0,4749620761637.0,1824991060538.0,1.21,3.14,17.37,17.33,1.53
000001.SH,20260421,78419195034029.0,62548014711879.0,5860974546148.0,4749132984628.0,1824187230139.0,1.19,3.1,17.31,17.31,1.52
000001.SH,20260420,78262029122912.0,62498669565444.0,5860966632877.0,4749122663576.0,1824243592402.0,1.22,3.19,17.28,17.27,1.52
000001.SH,20260417,77639444889994.0,62030453369144.0,5860946574902.0,4748830318235.0,1824291671993.0,1.14,2.96,17.12,17.12,1.51
000001.SH,20260416,77745109748648.0,62075967642160.0,5860845202904.0,4748569324257.0,1824216401003.0,1.13,2.94,17.11,17.11,1.51
000001.SH,20260415,77273658265442.0,61641520453920.0,5860801270384.0,4748410974999.0,1823764490131.0,1.18,3.08,17.02,17.02,1.5
000001.SH,20260414,77227392120203.0,61631713978066.0,5860820219384.0,4747769944847.0,1823144649294.0,1.18,3.08,17.03,17.02,1.5
000001.SH,20260413,76582768332207.0,61048311433865.0,5860817745740.0,4747768884103.0,1822851213382.0,1.13,2.94,16.89,16.87,1.49
000001.SH,20260410,76558508944409.0,61023102224249.0,5862888130036.0,4749484553378.0,1824149980709.0,1.13,2.95,16.88,16.87,1.49
000001.SH,20260409,76232426330110.0,60635612812060.0,5862848743107.0,4744012236871.0,1818957742233.0,1.13,2.94,16.81,16.81,1.48
000001.SH,20260408,76691002598076.0,61071840783051.0,5862077277144.0,4743775268807.0,1818830067304.0,1.34,3.49,16.92,16.91,1.49
000001.SH,20260407,74938672073859.0,59477984615764.0,5861955552365.0,4743744939028.0,1818953811757.0,0.99,2.57,16.55,16.53,1.46
000001.SH,20260403,74785340667448.0,59312208034997.0,5861954990881.0,4743479973461.0,1818863195015.0,1.02,2.67,16.49,16.48,1.46
000001.SH,20260402,75539022731080.0,59915296289399.0,5859400599875.0,4743474687146.0,1818580372972.0,1.13,2.95,16.65,16.64,1.47
000001.SH,20260401,75967177516501.0,60356226725381.0,5858916261545.0,4742769077371.0,1817722062512.0,1.17,3.06,16.75,16.76,1.48
000001.SH,20260331,75057953941887.0,59499316759836.0,5858852439755.0,4742701317716.0,1817468059599.0,1.26,3.29,16.55,16.55,1.46
000001.SH,20260330,75590646870194.0,59973342334639.0,5858877068870.0,4742721679251.0,1815181404674.0,1.23,3.23,16.63,16.56,1.48
000001.SH,20260327,75390982237073.0,59818210398960.0,5858801953037.0,4742635196361.0,1817585255003.0,1.16,3.01,16.68,16.52,1.48
000001.SH,20260326,74970630432167.0,59431669565485.0,5858787991308.0,4741834675164.0,1817387449466.0,1.27,3.32,16.66,16.34,1.48
000001.SH,20260325,75702044228788.0,60071348677037.0,5858767913361.0,4741775995891.0,1817340652012.0,1.42,3.69,17.04,16.46,1.49
000001.SH,20260324,74873502675895.0,59260027973377.0,5858359213485.0,4736172487925.0,1817136670670.0,1.41,3.67,16.89,16.27,1.48
000001.SH,20260323,73640307753046.0,58232196326709.0,5858260471441.0,4736103951966.0,1816910762500.0,1.67,4.34,16.63,16.0,1.45
000001.SH,20260320,76277584563022.0,60412068758363.0,5858209950953.0,4735551459709.0,1815306080537.0,1.38,3.59,17.25,16.59,1.51
000001.SH,20260319,77199270882214.0,61159493324012.0,5857995297513.0,4735397249732.0,1815117444828.0,1.38,3.61,17.39,16.76,1.52
000001.SH,20260318,78008079288735.0,62013326215427.0,5858002338070.0,4735375649697.0,1815035704519.0,1.29,3.36,17.57,16.93,1.54
000001.SH,20260317,77759981253972.0,61826422502639.0,5856630455324.0,4735366495809.0,1814922789861.0,1.4,3.65,17.52,16.88,1.54
000001.SH,20260316,78310287701545.0,62344258790833.0,5856313211279.0,4735066769460.0,1814575346748.0,1.52,3.97,17.65,17.01,1.55
000001.SH,20260313,78506610007418.0,62506255129207.0,5856103889934.0,4734928687987.0,1814428981751.0,1.64,4.29,17.69,17.05,1.55
000001.SH,20260312,79082491225326.0,63010816087779.0,5855759517579.0,4734302627339.0,1814042581129.0,1.64,4.27,17.86,17.18,1.56
000001.SH,20260311,79082595496007.0,63067502940999.0,5855774694344.0,4734326399011.0,1813947253616.0,1.47,3.84,17.86,17.18,1.56
000001.SH,20260310,78771460022449.0,62897975933909.0,5855536969361.0,4733793744417.0,1813710656555.0,1.41,3.67,17.83,17.12,1.56
000001.SH,20260309,78454105799800.0,62507976749112.0,5855519196752.0,4733787288924.0,1813699229707.0,1.67,4.35,17.76,17.05,1.55
000001.SH,20260306,78801554908938.0,62906289544451.0,5855373413301.0,4733705750061.0,1813585989874.0,1.35,3.53,17.84,17.12,1.56
000001.SH,20260305,78597723042722.0,62678670304320.0,5855322839995.0,4733655122715.0,1813374201119.0,1.44,3.76,17.8,17.08,1.55
000001.SH,20260304,78174023794609.0,62287482502620.0,5854985732090.0,4733539851167.0,1813156619896.0,1.6,4.18,17.7,16.99,1.55
000001.SH,20260303,78976780758938.0,62908222381010.0,5854850264286.0,4733482821959.0,1813150772043.0,1.93,5.03,17.88,17.17,1.56
000001.SH,20260302,79702245807231.0,63785480248003.0,5854824612358.0,4733435807263.0,1812802542190.0,1.8,4.7,18.05,17.32,1.58
000001.SH,20260227,79126282461980.0,63448728133073.0,5854737942786.0,4732616739345.0,1812597776250.0,1.42,3.72,17.92,17.2,1.56
000001.SH,20260226,78865529594455.0,63209388462570.0,5854539706159.0,4732591024395.0,1812544549515.0,1.36,3.56,17.86,17.16,1.56
000001.SH,20260225,79005762953323.0,63231242231056.0,5854539705606.0,4732591023842.0,1812492819132.0,1.51,3.95,17.89,17.19,1.56
000001.SH,20260224,78581311807759.0,62783427169946.0,5854465898248.0,4732421883114.0,1812404815285.0,1.18,3.09,17.8,17.1,1.55
000001.SH,20260213,77809349172039.0,62209811265381.0,5854035120175.0,4731145415674.0,1811297268336.0,1.05,2.73,17.62,16.93,1.54
000001.SH,20260212,78833030930544.0,63022748682185.0,5854010889407.0,4731128114165.0,1811202522557.0,1.11,2.89,17.85,17.15,1.56
000001.SH,20260211,78860461109150.0,62998510004765.0,5853883061414.0,4730985986963.0,1811129353247.0,1.04,2.72,17.86,17.16,1.56
000001.SH,20260210,78769987728977.0,62943403737914.0,5853324265112.0,4730683819476.0,1810987956887.0,1.09,2.86,17.84,17.14,1.56
000001.SH,20260209,78608035836727.0,62864781816625.0,5853216845277.0,4730636194196.0,1810910665310.0,1.2,3.13,17.8,17.11,1.55
000001.SH,20260206,77612356603584.0,61991921324255.0,5853087433988.0,4730618002819.0,1810836184132.0,1.16,3.04,17.58,16.89,1.53
000001.SH,20260205,77768538095535.0,62145726223195.0,5853092177426.0,4730595107983.0,1810783392755.0,1.25,3.26,17.61,16.92,1.54
000001.SH,20260204,78228509709440.0,62553851148592.0,5854095202458.0,4731366321487.0,1810889840103.0,1.41,3.69,17.71,17.03,1.55
000001.SH,20260203,77490047571120.0,62017851117371.0,5854101669715.0,4731368900785.0,1810875659670.0,1.33,3.48,17.55,16.87,1.53
000001.SH,20260202,76684055873486.0,61220100679920.0,5853253342034.0,4730905045183.0,1810859510577.0,1.53,4.01,17.36,16.69,1.52
000001.SH,20260130,78643663023956.0,62717407287527.0,5853245830332.0,4727959497995.0,1810721007301.0,1.68,4.39,17.81,17.11,1.55
000001.SH,20260129,79417000798391.0,63326179760369.0,5852935862615.0,4727682033100.0,1810160229954.0,1.89,4.95,17.98,17.28,1.57
000001.SH,20260128,79189217261483.0,63195092001209.0,5852909962755.0,4727586399049.0,1810005781450.0,1.72,4.5,17.93,17.23,1.57
000001.SH,20260127,78756080406402.0,62982214523534.0,5852725124123.0,4727381478117.0,1809744244195.0,1.58,4.12,17.84,17.14,1.56
000001.SH,20260126,78619852545160.0,62886450980566.0,5852712774882.0,4727368914454.0,1809584190849.0,1.85,4.85,17.81,17.12,1.55
000001.SH,20260123,78510222119879.0,62907124128175.0,5852675912988.0,4727169397716.0,1809401810906.0,1.64,4.28,17.78,17.1,1.55
000001.SH,20260122,78395190731518.0,62724648050009.0,5852590437494.0,4727014863833.0,1809279359130.0,1.49,3.88,17.75,17.07,1.55
000001.SH,20260121,78312632344650.0,62619971461997.0,5852218814043.0,4726820740870.0,1809074453499.0,1.39,3.64,17.74,17.06,1.55
000001.SH,20260120,78299015484452.0,62570771523191.0,5852221649772.0,4726816070667.0,1808942043288.0,1.54,4.01,17.73,17.05,1.55
000001.SH,20260119,78244597542882.0,62564974486804.0,5852224262602.0,4726816070667.0,1808785815492.0,1.44,3.76,17.72,17.05,1.55
000001.SH,20260116,78094232659081.0,62377182381254.0,5852233275538.0,4726677880839.0,1808621781162.0,1.59,4.14,17.69,17.02,1.54
000001.SH,20260115,78372379577908.0,62568079117860.0,5852233135136.0,4726677277207.0,1808493298756.0,1.42,3.71,17.75,17.08,1.55
000001.SH,20260114,78620373389464.0,62753103844222.0,5851726149963.0,4726455277474.0,1808069826314.0,2.0,5.22,17.81,17.14,1.55
000001.SH,20260113,78938452795878.0,62957515694767.0,5851658051750.0,4726474402342.0,1808038904167.0,1.82,4.75,17.88,17.22,1.56
000001.SH,20260112,79279850010406.0,63339232932290.0,5851597998185.0,4726418678229.0,1808124937881.0,1.75,4.58,17.96,17.29,1.57
000001.SH,20260109,78592832129959.0,62687835317579.0,5852118373438.0,4727400413932.0,1808806247789.0,1.52,3.98,17.8,17.14,1.55
000001.SH,20260108,77972929327814.0,62121995389524.0,5852116961842.0,4727396780172.0,1808743712905.0,1.39,3.64,17.66,17.0,1.54
000001.SH,20260107,78083480500548.0,62172268395819.0,5852111898995.0,4727316430822.0,1808513681256.0,1.43,3.73,17.68,17.02,1.54
000001.SH,20260106,78154944412506.0,62141390903200.0,5852110945663.0,4727297906898.0,1808481891545.0,1.47,3.84,17.7,17.04,1.54
000001.SH,20260105,77061873189417.0,61105449523887.0,5851656529794.0,4726210128501.0,1808138113012.0,1.25,3.26,17.45,16.8,1.52
399001.SZ,20260717,29384359564577.0,25082401813706.0,1327596647383.0,1154125750603.0,664586571758.0,2.57,4.46,34.81,33.04,2.81
399001.SZ,20260716,30897655874360.0,26386841296842.0,1327413653181.0,1154111781120.0,664572388075.0,2.24,3.89,36.6,34.74,2.96
399001.SZ,20260715,31428572731343.0,26870028085002.0,1327407113690.0,1154107748185.0,664469557557.0,2.38,4.14,37.23,35.33,3.01
399001.SZ,20260714,31632973065188.0,27057055275188.0,1327428849323.0,1154104400697.0,664466210069.0,2.43,4.21,37.47,35.57,3.02
399001.SZ,20260713,30815295835086.0,26372314845273.0,1327428351963.0,1154103903337.0,664450456022.0,2.54,4.41,36.5,34.65,2.95
399001.SZ,20260710,31894652380514.0,27270958871025.0,1327428351963.0,1154100987970.0,664470771496.0,2.99,5.19,37.78,35.87,3.05
399001.SZ,20260709,32482355527553.0,27835031235249.0,1326968332029.0,1153080024074.0,663426386237.0,2.63,4.57,38.48,36.53,3.11
399001.SZ,20260708,31642346687547.0,27089975458016.0,1326949526029.0,1153073308655.0,663398247818.0,2.39,4.15,37.48,35.58,3.03
399001.SZ,20260707,32247017440396.0,27592894223849.0,1326942074344.0,1153071725339.0,663396664502.0,2.42,4.2,38.2,36.26,3.09
399001.SZ,20260706,32718607944312.0,27983672522693.0,1326938046151.0,1153027483595.0,662891819077.0,2.72,4.72,38.76,36.79,3.13
399001.SZ,20260703,33061628800998.0,28267037976392.0,1326951638809.0,1153041076253.0,662826328938.0,2.76,4.8,39.16,37.18,3.16
399001.SZ,20260702,32777093398729.0,28083362207074.0,1326900052232.0,1153555108335.0,663327758107.0,3.19,5.55,38.83,36.86,3.14
399001.SZ,20260701,33934132755125.0,29101122142663.0,1326764339344.0,1153500322528.0,663263757413.0,3.19,5.55,40.2,38.16,3.25
399001.SZ,20260630,33968111337372.0,29154543976195.0,1326764132294.0,1153502155455.0,663092028611.0,2.75,4.78,40.24,38.2,3.25
399001.SZ,20260629,33282984252603.0,28533934090053.0,1326761453617.0,1153499473328.0,663079124927.0,2.93,5.1,39.43,37.43,3.18
399001.SZ,20260626,33243999317931.0,28507409599048.0,1326705491555.0,1153511174316.0,663088720883.0,3.17,5.51,39.38,37.39,3.17
399001.SZ,20260625,34354472547715.0,29508845052197.0,1325892845254.0,1153510339895.0,662962007669.0,3.03,5.27,40.7,38.63,3.28
399001.SZ,20260624,33823961040490.0,29038721303248.0,1325905999934.0,1153509922968.0,662774046739.0,2.77,4.82,40.07,38.04,3.23
399001.SZ,20260623,33455514050940.0,28704720585724.0,1325755729498.0,1153359039001.0,662623162772.0,2.82,4.92,39.63,37.62,3.19
399001.SZ,20260622,34485052314615.0,29583128992670.0,1325712574828.0,1153325051977.0,662573888581.0,3.19,5.55,40.85,38.78,3.29
399001.SZ,20260618,33788246378246.0,29001705154574.0,1325405773340.0,1153032578896.0,662361137784.0,2.82,4.91,40.03,38.0,3.22
399001.SZ,20260617,33575918474507.0,28804546234456.0,1325405773340.0,1153032847646.0,662353510101.0,2.44,4.25,39.77,37.76,3.2
399001.SZ,20260616,33219952436538.0,28477072161213.0,1325052931594.0,1152688977684.0,661877086452.0,2.56,4.46,39.35,37.36,3.17
399001.SZ,20260615,32968440295570.0,28255530926816.0,1325036054206.0,1152692989582.0,661856221986.0,2.73,4.76,39.05,37.08,3.14
399001.SZ,20260612,30960065288725.0,26719726816416.0,1338508450927.0,1167928707194.0,670050758645.0,2.74,4.78,37.06,35.24,2.92
399001.SZ,20260611,30640318072946.0,26482181258063.0,1338110915828.0,1167552041594.0,669833493015.0,2.19,3.82,36.68,34.88,2.89
399001.SZ,20260610,30810412259117.0,26647430246507.0,1337704349461.0,1167185482141.0,669483246960.0,2.28,3.98,36.88,35.07,2.9
399001.SZ,20260609,31387416046877.0,27170358234170.0,1336533691564.0,1168158613070.0,670456393733.0,2.35,4.09,37.57,35.73,2.96
399001.SZ,20260608,30563995509388.0,26451077541296.0,1336455892939.0,1168080815545.0,670368715072.0,2.61,4.55,36.59,34.79,2.88
399001.SZ,20260605,31518431921880.0,27300081749019.0,1336396047898.0,1168121664119.0,670316375909.0,2.73,4.76,37.73,35.88,2.97
399001.SZ,20260604,32176319649675.0,27858150876869.0,1336395752476.0,1168090785145.0,669882293562.0,2.4,4.19,38.52,36.63,3.03
399001.SZ,20260603,32307352202294.0,27987575302618.0,1335919183070.0,1167829379877.0,669685140900.0,2.71,4.73,38.67,36.78,3.05
399001.SZ,20260602,32134854272901.0,27837609114286.0,1335014896468.0,1167417132724.0,669518816709.0,2.37,4.12,38.47,36.58,3.03
399001.SZ,20260601,31698009459663.0,27437011522959.0,1334996055952.0,1167403548771.0,669495752509.0,2.55,4.44,37.94,36.08,2.99
399001.SZ,20260529,32127517173296.0,27806911334800.0,1334681818249.0,1166683802788.0,669256936827.0,2.85,4.96,38.46,36.57,3.03
399001.SZ,20260528,32586690404111.0,28216713329474.0,1334361273792.0,1166416923893.0,669058552363.0,2.5,4.36,39.01,37.09,3.07
399001.SZ,20260527,32387832645707.0,28046466968036.0,1334291754339.0,1166353935119.0,669009398231.0,2.84,4.95,38.77,36.87,3.05
399001.SZ,20260526,32686304930869.0,28316679930067.0,1334337665431.0,1166517805646.0,669136136458.0,2.79,4.86,39.13,37.21,3.07
399001.SZ,20260525,32681918145886.0,28305384727548.0,1334333810669.0,1166513950884.0,669026532208.0,2.56,4.46,39.12,37.2,3.07
399001.SZ,20260522,32199733821507.0,27869155025324.0,1334009401743.0,1166182360080.0,668960202921.0,2.64,4.6,38.54,36.65,3.03
399001.SZ,20260521,31539736687914.0,27277783554118.0,1333916045348.0,1166085624830.0,668815891955.0,2.73,4.77,37.75,35.9,2.96
399001.SZ,20260520,32145632144456.0,27808646311065.0,1333361793987.0,1165563732637.0,668273390268.0,2.11,3.68,38.48,36.59,3.02
399001.SZ,20260519,32216077542613.0,27856599315689.0,1333360044013.0,1165562026963.0,668247887803.0,2.21,3.85,38.56,36.67,3.02
399001.SZ,20260518,32124237498242.0,27778690729402.0,1333069307665.0,1165317724976.0,668017668154.0,2.18,3.81,38.45,36.57,3.01
399001.SZ,20260515,32221405094305.0,27853261504451.0,1333052479006.0,1165299290142.0,667851356760.0,2.57,4.48,38.57,36.68,3.02
399001.SZ,20260514,32586293121875.0,28176882963066.0,1333005701948.0,1165347130568.0,667892398286.0,2.58,4.5,39.01,37.09,3.06
399001.SZ,20260513,33270749430898.0,28765787410923.0,1333005410278.0,1165346578198.0,667683436941.0,2.41,4.2,39.83,37.87,3.12
399001.SZ,20260512,32773928955791.0,28328290639129.0,1333027370585.0,1165361829087.0,667629287804.0,2.48,4.32,39.23,37.31,3.07
399001.SZ,20260511,32949652597943.0,28470392634532.0,1333063114464.0,1165398610355.0,667553523388.0,2.75,4.8,39.44,37.51,3.09
399001.SZ,20260508,32281664396488.0,27903896500181.0,1332981421805.0,1165464739457.0,667908789314.0,2.41,4.21,38.77,36.86,3.03
399001.SZ,20260507,32441422995396.0,28025022713093.0,1332915631438.0,1165400575165.0,667775267532.0,2.5,4.37,38.96,37.04,3.04
399001.SZ,20260506,32163130606459.0,27778655188008.0,1332895951468.0,1165380924464.0,667842485436.0,2.54,4.44,38.63,36.73,3.01
399001.SZ,20260430,31444729908027.0,27182581082982.0,1332833538775.0,1165341124569.0,667779095901.0,2.29,3.99,36.76,35.27,2.96
399001.SZ,20260429,31481245623147.0,27220797258342.0,1332681599872.0,1165225592715.0,673720310792.0,2.23,3.86,36.76,35.62,2.97
399001.SZ,20260428,30909242359578.0,26739591528678.0,1332678608740.0,1164290562880.0,670887222891.0,2.05,3.56,35.67,34.65,2.93
399001.SZ,20260427,31198580595945.0,26992771141720.0,1332641814913.0,1164223910753.0,668918557464.0,2.03,3.54,35.28,34.91,2.97
399001.SZ,20260424,31057942706491.0,26888043795725.0,1332644385002.0,1164226243035.0,668990326931.0,2.04,3.55,35.37,34.94,2.97
399001.SZ,20260423,31227115435642.0,27033671981253.0,1332566087368.0,1163888551286.0,668685626595.0,2.18,3.8,35.84,35.49,3.0
399001.SZ,20260422,31473327924151.0,27237031668209.0,1332562320237.0,1163866050249.0,668422718234.0,2.03,3.53,36.29,35.89,3.02
399001.SZ,20260421,31095738732109.0,26933431548246.0,1332271586800.0,1163673019747.0,668199384590.0,1.98,3.44,35.65,34.98,2.98
399001.SZ,20260420,31063845930929.0,26916793571349.0,1332270451065.0,1163748451093.0,668682995183.0,2.17,3.77,35.65,34.97,2.98
399001.SZ,20260417,30905904345504.0,26765827523854.0,1332241812602.0,1163739256475.0,669263811578.0,1.93,3.35,35.84,34.81,2.97
399001.SZ,20260416,30801479331928.0,26666823890939.0,1332240186711.0,1163752434665.0,669290812739.0,1.93,3.36,35.73,34.92,2.96
399001.SZ,20260415,30244139246056.0,26181862877195.0,1332240098212.0,1163752624144.0,668988149118.0,1.99,3.47,35.22,34.6,2.92
399001.SZ,20260414,30504391504200.0,26397586018308.0,1332240163972.0,1163453652904.0,668807197677.0,2.04,3.54,35.65,35.07,2.94
399001.SZ,20260413,30067965651052.0,26007035481736.0,1332240108329.0,1163097182916.0,668697440089.0,1.85,3.22,35.15,34.74,2.9
399001.SZ,20260410,29840880263442.0,25818349942838.0,1332210700168.0,1163011456200.0,668669946764.0,2.03,3.53,34.72,34.37,2.88
399001.SZ,20260409,29241801080647.0,25299075674107.0,1331985188023.0,1162558893789.0,668548823288.0,1.8,3.12,34.18,33.7,2.83
399001.SZ,20260408,29368652807171.0,25394399878039.0,1331902454851.0,1162555591349.0,668461457545.0,2.2,3.82,34.4,33.85,2.84
399001.SZ,20260407,28142556422127.0,24329997100739.0,1331902219126.0,1162554505515.0,668346692860.0,1.35,2.35,33.12,32.58,2.72
399001.SZ,20260403,28050360349467.0,24236553795346.0,1331916946179.0,1162568746640.0,668353852485.0,1.42,2.47,33.01,32.47,2.71
399001.SZ,20260402,28365252344488.0,24497727776563.0,1331895043047.0,1162555464943.0,668328362730.0,1.61,2.8,33.3,32.82,2.74
399001.SZ,20260401,28779773298595.0,24855966280210.0,1331671780609.0,1162284072090.0,667993665391.0,1.74,3.03,33.79,33.3,2.78
399001.SZ,20260331,28346376636038.0,24452372081114.0,1331671752437.0,1162278712899.0,668041776757.0,1.79,3.11,31.89,31.6,2.73
399001.SZ,20260330,28854388577155.0,24899674856767.0,1331669575537.0,1162333735556.0,666394820098.0,1.81,3.15,33.01,31.93,2.78
399001.SZ,20260327,28928740563401.0,24970456779325.0,1331675043349.0,1162331548785.0,664249089412.0,1.76,3.08,33.5,31.79,2.79
399001.SZ,20260326,28591364107307.0,24681098947883.0,1331675115589.0,1162348107121.0,664444564145.0,1.88,3.28,33.12,31.32,2.76
399001.SZ,20260325,28986730195476.0,25008134287397.0,1331675115589.0,1162419778163.0,664522440287.0,2.1,3.68,33.54,31.76,2.8
399001.SZ,20260324,28447205323866.0,24535367266762.0,1331668571506.0,1162416307940.0,664436625721.0,2.11,3.69,32.98,31.18,2.74
399001.SZ,20260323,28028063543785.0,24172534330513.0,1331679455935.0,1162436394966.0,664436526817.0,2.59,4.54,32.56,30.71,2.7
399001.SZ,20260320,29046090083076.0,25087086319333.0,1331633455110.0,1162437230702.0,664429588330.0,2.15,3.76,33.66,31.8,2.81
399001.SZ,20260319,29153783353558.0,25180939694307.0,1331633455110.0,1162479861698.0,664265973760.0,1.96,3.43,33.88,31.92,2.82
399001.SZ,20260318,29737140231734.0,25687045695279.0,1331640379926.0,1162486786514.0,664272898576.0,1.85,3.23,34.56,32.56,2.87
399001.SZ,20260317,29503084148742.0,25473480666097.0,1331640379926.0,1162651507704.0,664437619766.0,2.08,3.64,34.33,32.31,2.85
399001.SZ,20260316,30014972581327.0,25920698388034.0,1331639890182.0,1162655034570.0,664441146632.0,2.2,3.85,34.84,32.78,2.9
399001.SZ,20260313,29949574873627.0,25895059702126.0,1331508815632.0,1162687298780.0,664336601440.0,2.31,4.05,34.86,32.72,2.89
399001.SZ,20260312,30152312589396.0,26077075471302.0,1331508056325.0,1162686539473.0,664335842133.0,2.32,4.06,35.28,32.97,2.92
399001.SZ,20260311,30296902184431.0,26198015809703.0,1331508089665.0,1162686539473.0,664377516722.0,2.31,4.05,35.45,33.12,2.93
399001.SZ,20260310,30048007112016.0,25960832824849.0,1331503165374.0,1162422270804.0,664173113868.0,2.17,3.81,35.16,32.84,2.91
399001.SZ,20260309,29496221828306.0,25475660470542.0,1331335694135.0,1162422881396.0,664409451317.0,2.53,4.43,35.5,32.6,2.86
399001.SZ,20260306,29693032413231.0,25679787899270.0,1331335870095.0,1162423135431.0,664409705352.0,2.07,3.61,35.61,32.81,2.88
399001.SZ,20260305,29503967900222.0,25521325761263.0,1331392850846.0,1162479839260.0,664024657036.0,2.26,3.96,35.47,32.61,2.86
399001.SZ,20260304,29207407016514.0,25242481783584.0,1331392850844.0,1162479846424.0,663998361277.0,2.22,3.89,35.11,32.28,2.83
399001.SZ,20260303,29425082005312.0,25449370209848.0,1331390427643.0,1162455512143.0,663962128315.0,2.94,5.14,35.37,32.52,2.85
399001.SZ,20260302,30297257886018.0,26210748983187.0,1331284312525.0,1162348354439.0,663850015203.0,2.88,5.05,36.42,33.48,2.94
399001.SZ,20260227,30334589247898.0,26276454612161.0,1331284286325.0,1162352233712.0,663341950700.0,2.48,4.34,36.49,33.65,2.94
399001.SZ,20260226,30326591739444.0,26267979623114.0,1331285565325.0,1162352144174.0,663330755962.0,2.43,4.26,36.48,33.61,2.94
399001.SZ,20260225,30262919839679.0,26208352706315.0,1331203317209.0,1162352311954.0,663321021742.0,2.51,4.39,36.41,33.54,2.94
399001.SZ,20260224,29909906118881.0,25899486194786.0,1331203317209.0,1162352311954.0,663317110742.0,2.19,3.84,35.98,33.04,2.9
399001.SZ,20260213,29520816779472.0,25557430793236.0,1331063327847.0,1161310936436.0,662182264924.0,2.0,3.51,35.51,32.61,2.87
399001.SZ,20260212,29888477167978.0,25877261644670.0,1331062115947.0,1161309795361.0,662095352511.0,2.18,3.83,35.96,33.02,2.9
399001.SZ,20260211,29669429468632.0,25695873129683.0,1330894409098.0,1161314796912.0,662077179089.0,2.12,3.72,35.69,32.78,2.88
399001.SZ,20260210,29717301569676.0,25750129341080.0,1330888927669.0,1161305734554.0,662076857492.0,2.07,3.64,35.75,32.83,2.89
399001.SZ,20260209,29707142513184.0,25747562885659.0,1330888918461.0,1161300462385.0,662030958073.0,2.05,3.6,35.74,32.8,2.89
399001.SZ,20260206,29135534240385.0,25240181132529.0,1330562289943.0,1160926625143.0,661976113478.0,2.13,3.73,35.05,32.2,2.84
399001.SZ,20260205,29210184042446.0,25302262091080.0,1330530753771.0,1160924637587.0,662468202808.0,2.26,3.96,35.14,32.28,2.84
399001.SZ,20260204,29586665948783.0,25637409505200.0,1330530533955.0,1160924417771.0,662145971758.0,2.55,4.47,35.6,32.7,2.88
399001.SZ,20260203,29441876898121.0,25522043753211.0,1330530533602.0,1160921941665.0,662154945829.0,2.52,4.41,35.42,32.54,2.87
399001.SZ,20260202,28837668579408.0,24987576502371.0,1330530533586.0,1160382447454.0,662146094945.0,2.54,4.45,34.7,31.87,2.81
399001.SZ,20260130,29622665036718.0,25662318458088.0,1330514586711.0,1160375681374.0,662128864859.0,2.92,5.12,35.65,32.72,2.88
399001.SZ,20260129,29870751028022.0,25875493308781.0,1330435817372.0,1160374209737.0,662105578722.0,3.25,5.7,35.94,33.0,2.91
399001.SZ,20260128,29926927040158.0,25915863203653.0,1330435086442.0,1160373689989.0,662100297841.0,2.84,4.97,36.01,33.07,2.91
399001.SZ,20260127,29872766756357.0,25862753472029.0,1330434995668.0,1160373598512.0,662082679664.0,2.87,5.04,35.95,33.03,2.91
399001.SZ,20260126,29884818756870.0,25872817099817.0,1330391692433.0,1160330618527.0,662156828426.0,3.13,5.49,35.96,33.04,2.91
399001.SZ,20260123,30124813747036.0,26079459340661.0,1330390604279.0,1160335654138.0,662152246222.0,3.09,5.41,36.25,33.31,2.93
399001.SZ,20260122,29890989200109.0,25871013756471.0,1330334577017.0,1160301780322.0,662310618257.0,2.38,4.16,35.97,33.05,2.91
399001.SZ,20260121,29739377258658.0,25737849154672.0,1330090616761.0,1160571943737.0,662570095818.0,2.3,4.03,35.79,32.88,2.9
399001.SZ,20260120,29555366231102.0,25575841071864.0,1330090616761.0,1160571667868.0,662412718609.0,2.56,4.49,35.56,32.73,2.88
399001.SZ,20260119,29790812735732.0,25760345236441.0,1330096389261.0,1159540068126.0,662410042497.0,2.4,4.21,35.85,32.99,2.91
399001.SZ,20260116,29743208321099.0,25723665530318.0,1330096389261.0,1159175935804.0,662341490153.0,2.63,4.61,35.79,32.94,2.9
399001.SZ,20260115,29783464232847.0,25765006780759.0,1330097551209.0,1159175840032.0,662340408381.0,2.94,5.15,35.84,33.01,2.9
399001.SZ,20260114,29694824616398.0,25701272794761.0,1329877270356.0,1159174729413.0,662340042198.0,3.96,6.93,35.73,32.91,2.9
399001.SZ,20260113,29551112617679.0,25579992650635.0,1329874893523.0,1159164675082.0,662285551419.0,3.33,5.84,35.56,32.75,2.88
399001.SZ,20260112,29869825070186.0,25923024375030.0,1317884860881.0,1159135794052.0,661085385709.0,3.22,5.64,35.94,33.1,2.91
399001.SZ,20260109,29398157929115.0,25514130323707.0,1318225784070.0,1159471692250.0,661410767807.0,2.88,5.05,35.38,32.58,2.87
399001.SZ,20260108,29063410088466.0,25227183315990.0,1318226605564.0,1159459295870.0,661334103796.0,2.7,4.73,34.97,32.21,2.83
399001.SZ,20260107,29206025418544.0,25361116011670.0,1318226414336.0,1159459104642.0,661252996964.0,2.73,4.79,35.14,32.37,2.85
399001.SZ,20260106,29204446124356.0,25347125712281.0,1318226079422.0,1159467048017.0,661249195544.0,3.04,5.34,35.14,32.37,2.85
399001.SZ,20260105,28783832993145.0,24993517378756.0,1318235248193.0,1159569669297.0,661212183652.0,2.5,4.38,34.64,31.9,2.81
399006.SZ,20260717,9961355259431.0,8458389021862.0,149522149863.0,121214754908.0,87069481099.0,3.97,5.53,46.94,43.74,5.83
399006.SZ,20260716,10678303673457.0,9080929747855.0,149522149863.0,121210702706.0,87065428897.0,3.46,4.82,50.32,46.89,6.24
399006.SZ,20260715,10976379075856.0,9343633641803.0,149522149863.0,121210702706.0,87065428897.0,3.3,4.6,51.73,48.2,6.42
399006.SZ,20260714,11095857429508.0,9440092099573.0,149522149863.0,121210702706.0,87065428897.0,3.36,4.68,52.29,48.72,6.49
399006.SZ,20260713,10755808862615.0,9152526984888.0,149522149863.0,121210702706.0,87065428897.0,3.58,4.98,50.69,47.23,6.29
399006.SZ,20260710,11117108259394.0,9439035083077.0,149522149863.0,121210702706.0,87065428897.0,4.41,6.14,52.39,48.82,6.5
399006.SZ,20260709,11572350242590.0,9860566548616.0,149476617499.0,121208888286.0,87063614477.0,3.8,5.28,54.54,50.82,6.79
399006.SZ,20260708,11106666389690.0,9454993153763.0,149463985499.0,121208415537.0,87057774128.0,3.48,4.85,52.34,48.77,6.53
399006.SZ,20260707,11332208588160.0,9636696336323.0,149463683714.0,121208127691.0,87057486282.0,2.93,4.08,53.4,49.76,6.66
399006.SZ,20260706,11455268880635.0,9733106217900.0,149463868823.0,121208102775.0,87054360066.0,3.42,4.76,53.98,50.3,6.73
399006.SZ,20260703,11656651782244.0,9901067964553.0,149477461481.0,121221695433.0,87067952724.0,3.71,5.17,54.93,51.19,6.84
399006.SZ,20260702,11630772787522.0,9895480563142.0,149426035911.0,121217075162.0,87050732453.0,4.25,5.92,54.81,51.07,6.84
399006.SZ,20260701,12276016275527.0,10451175284306.0,149426032571.0,121169350079.0,87003007370.0,4.6,6.41,57.85,53.91,7.22
399006.SZ,20260630,12441303326657.0,10613105356313.0,149426237211.0,121171574079.0,87005231370.0,3.59,4.99,58.63,54.63,7.32
399006.SZ,20260629,12115662501788.0,10311853169518.0,149423220898.0,121168557766.0,86999424900.0,4.14,5.76,57.1,53.2,7.12
399006.SZ,20260626,12066341787935.0,10275804744586.0,149367258836.0,121162348154.0,86991110256.0,4.03,5.61,56.86,52.99,7.11
399006.SZ,20260625,12558112193403.0,10723508310012.0,149367258836.0,121162348154.0,86815095050.0,4.22,5.89,59.18,55.15,7.4
399006.SZ,20260624,12230920961875.0,10448175146771.0,149367258836.0,121162348154.0,86626551047.0,3.74,5.23,57.64,53.71,7.21
399006.SZ,20260623,12039901448028.0,10297849528764.0,149367258836.0,121161417090.0,86625619983.0,4.32,6.05,56.74,52.87,7.09
399006.SZ,20260622,12503254746394.0,10701804504684.0,149356608406.0,121159916306.0,86624119199.0,4.84,6.77,58.92,54.9,7.37
399006.SZ,20260618,12191478210495.0,10458313934278.0,149356608406.0,121159902839.0,86624105732.0,3.59,5.02,57.45,53.54,7.19
399006.SZ,20260617,11977970229325.0,10252855566633.0,149356608406.0,121159902839.0,86623755732.0,3.32,4.65,56.45,52.6,7.06
399006.SZ,20260616,11798406137999.0,10101410588789.0,149356608345.0,121159534618.0,86623387509.0,3.68,5.15,55.6,51.81,6.95
399006.SZ,20260615,11592516533373.0,9918078083834.0,149356608343.0,121159534616.0,86602577109.0,3.66,5.12,54.63,50.9,6.82
399006.SZ,20260612,10293190459466.0,8935952611485.0,150100456310.0,123715904358.0,88779549600.0,3.52,4.91,48.38,45.66,6.0
399006.SZ,20260611,10202561164200.0,8872231215541.0,149788791998.0,123404936344.0,88607106261.0,2.64,3.68,47.96,45.26,5.94
399006.SZ,20260610,10303091421417.0,8970568920872.0,149390431223.0,123046579433.0,88262030248.0,2.64,3.68,48.43,45.7,6.0
399006.SZ,20260609,10588763213074.0,9229695508386.0,149389207281.0,123045355491.0,88260806306.0,2.8,3.9,49.77,46.97,6.16
399006.SZ,20260608,10214990573778.0,8896206853530.0,149383579470.0,123039727680.0,88245297359.0,3.1,4.32,48.02,45.31,5.94
399006.SZ,20260605,10614672862905.0,9244085564341.0,149378568511.0,123034893961.0,88235001940.0,3.05,4.25,49.9,47.08,6.17
399006.SZ,20260604,10939342359114.0,9529995255461.0,149378568511.0,123007898819.0,88216079013.0,2.72,3.79,51.42,48.52,6.36
399006.SZ,20260603,11042689972429.0,9622500224441.0,149356934519.0,123012712194.0,88212820173.0,3.13,4.36,51.91,48.98,6.42
399006.SZ,20260602,10894507453201.0,9477413920049.0,149354951009.0,123010728684.0,88210836663.0,3.0,4.18,51.21,48.32,6.33
399006.SZ,20260601,10663521128080.0,9254338697063.0,149336788809.0,122997823047.0,88188450779.0,3.23,4.51,50.13,47.3,6.2
399006.SZ,20260529,10877803934398.0,9452251938933.0,149330152243.0,122994495890.0,88140233032.0,3.56,4.97,51.13,48.25,6.32
399006.SZ,20260528,11083524941276.0,9630819810743.0,149328926621.0,122993270268.0,88139007410.0,3.12,4.35,52.1,49.16,6.43
399006.SZ,20260527,10919766483070.0,9468225916384.0,149328768156.0,122980784242.0,88126521384.0,3.44,4.8,51.33,48.44,6.33
399006.SZ,20260526,10889793334103.0,9440414339653.0,149317477298.0,123089628760.0,88235365902.0,3.46,4.83,51.19,48.3,6.3
399006.SZ,20260525,10861874655603.0,9411788699200.0,149313622536.0,123085773998.0,88226576640.0,3.43,4.78,51.06,48.18,6.28
399006.SZ,20260522,10679557037209.0,9241943775801.0,148992323184.0,122764474646.0,88177759805.0,3.26,4.54,50.2,47.37,6.17
399006.SZ,20260521,10408851861616.0,8988448671289.0,148990433832.0,122762585294.0,88146764274.0,4.09,5.7,48.93,46.17,6.01
399006.SZ,20260520,10636844804677.0,9188330350623.0,148990433326.0,122762584788.0,88117953170.0,3.15,4.39,50.0,47.18,6.14
399006.SZ,20260519,10615719287624.0,9171970658366.0,148990433326.0,122762584788.0,88092517841.0,3.36,4.69,49.9,47.09,6.13
399006.SZ,20260518,10631291380910.0,9188594459969.0,148990433326.0,122762584788.0,88092517841.0,3.24,4.51,49.97,47.16,6.14
399006.SZ,20260515,10675589130449.0,9225729671832.0,148984307374.0,122754852661.0,88084785714.0,3.96,5.52,50.18,47.35,6.16
399006.SZ,20260514,10730026422141.0,9273826895167.0,148942652079.0,122751248858.0,88074383011.0,3.8,5.29,50.44,47.59,6.2
399006.SZ,20260513,10974569762458.0,9472389075434.0,148942652079.0,122750988158.0,88074121011.0,3.87,5.39,51.59,48.68,6.33
399006.SZ,20260512,10700766236820.0,9225817562781.0,148942652079.0,122750988158.0,88074121011.0,3.53,4.92,50.3,47.47,6.18
399006.SZ,20260511,10713234051650.0,9232613099383.0,148942652079.0,122750988158.0,88049121011.0,4.32,6.02,50.36,47.52,6.18
399006.SZ,20260508,10359585731321.0,8931427062960.0,148943155333.0,122751491412.0,88091594525.0,3.46,4.83,48.7,45.95,5.97
399006.SZ,20260507,10455024653613.0,9018077140550.0,148901441244.0,122711403398.0,88034411811.0,3.66,5.11,49.15,46.38,6.03
399006.SZ,20260506,10342732588172.0,8915208783242.0,148880481019.0,122690442817.0,88013343730.0,3.83,5.34,48.62,45.88,5.96
399006.SZ,20260430,10012932747196.0,8652691889388.0,148818068326.0,122690386274.0,87979959444.0,2.89,4.03,47.07,44.41,5.89
399006.SZ,20260429,10046561654106.0,8686065500225.0,148652982850.0,122558402248.0,87849644631.0,3.13,4.37,47.23,44.66,5.91
399006.SZ,20260428,9800442070269.0,8466625605149.0,148652980797.0,122557576409.0,87707172593.0,3.23,4.51,46.53,43.72,5.78
399006.SZ,20260427,9944480748207.0,8598463292248.0,148612717882.0,122526793901.0,87647891935.0,3.03,4.24,43.7,42.65,5.87
399006.SZ,20260424,9984759807188.0,8651807232530.0,148598206552.0,122526470481.0,87660868589.0,3.7,5.17,44.06,43.14,5.93
399006.SZ,20260423,10082979801938.0,8736055487644.0,148596461662.0,122261055651.0,87261981699.0,3.66,5.12,45.47,43.87,6.01
399006.SZ,20260422,10172953639454.0,8805246020033.0,148593538756.0,122250579698.0,87243968227.0,3.43,4.8,46.18,44.44,6.07
399006.SZ,20260421,10001701926101.0,8680555017695.0,148356699852.0,122112578310.0,87235096937.0,2.94,4.12,44.85,42.55,5.92
399006.SZ,20260420,9974480321350.0,8652874102245.0,148356699840.0,122099168055.0,87221686682.0,3.36,4.71,44.73,42.5,5.9
399006.SZ,20260417,9974145941769.0,8656158134381.0,148330527236.0,122073009951.0,87186309221.0,3.21,4.5,44.83,42.55,5.9
399006.SZ,20260416,9879063901082.0,8564121279174.0,148330527236.0,122073009951.0,87166743615.0,3.29,4.61,44.43,42.9,5.87
399006.SZ,20260415,9601366270868.0,8310823051574.0,148330510337.0,122075133857.0,87168793658.0,3.08,4.31,43.3,42.94,5.77
399006.SZ,20260414,9707221205628.0,8397838875668.0,148330510337.0,122075728794.0,87077982535.0,3.42,4.8,43.71,43.39,5.83
399006.SZ,20260413,9497855231414.0,8213009917431.0,148330510337.0,122075728793.0,87077982534.0,2.9,4.07,42.77,42.45,5.71
399006.SZ,20260410,9412605848253.0,8138157678346.0,148301168413.0,122046386869.0,87048915087.0,3.57,5.0,42.07,42.15,5.66
399006.SZ,20260409,9091947461178.0,7853237793164.0,148086092755.0,121916530304.0,86964721984.0,3.07,4.3,41.21,40.75,5.46
399006.SZ,20260408,9151084388352.0,7902604077273.0,148003555262.0,121913185647.0,86921377327.0,3.55,4.97,41.54,41.04,5.51
399006.SZ,20260407,8672382293411.0,7479721939119.0,148003555262.0,121914215945.0,86901335174.0,1.77,2.49,39.49,38.92,5.23
399006.SZ,20260403,8643058642424.0,7456778779610.0,148017622939.0,121928283622.0,86915402851.0,2.03,2.85,39.36,38.79,5.21
399006.SZ,20260402,8728581110685.0,7521746414378.0,147996412668.0,121906964509.0,86894083738.0,2.38,3.34,39.75,39.17,5.26
399006.SZ,20260401,8925843255471.0,7691019946154.0,147994471123.0,121894122533.0,86881241762.0,2.74,3.84,40.64,40.06,5.38
399006.SZ,20260331,8756324943403.0,7531890122177.0,147994442951.0,121891522721.0,86878644235.0,2.54,3.56,40.35,38.92,5.3
399006.SZ,20260330,8996431591638.0,7745434498021.0,147994442951.0,121893102667.0,86852833469.0,2.2,3.08,42.34,40.18,5.45
399006.SZ,20260327,9058318648018.0,7800198702510.0,147992213794.0,121886337848.0,86838970291.0,2.34,3.29,42.82,40.56,5.5
399006.SZ,20260326,8973492383887.0,7729099898840.0,147992197794.0,121902076506.0,86838998166.0,2.42,3.39,42.48,40.19,5.45
399006.SZ,20260325,9089361701237.0,7820378487390.0,147992197794.0,121902719186.0,86839640846.0,2.78,3.9,43.11,40.73,5.52
399006.SZ,20260324,8913719295023.0,7668224146968.0,147985653711.0,121896772703.0,86833694363.0,2.49,3.49,42.28,39.94,5.42
399006.SZ,20260323,8866532156714.0,7630018703496.0,147985653687.0,121896772679.0,86827851438.0,3.2,4.49,42.09,39.72,5.39
399006.SZ,20260320,9188045659805.0,7905731250161.0,147985653687.0,121896906679.0,86820211215.0,3.18,4.46,43.64,41.18,5.58
399006.SZ,20260319,9103431703314.0,7820021650698.0,147985653687.0,121939679355.0,86649329003.0,2.56,3.61,43.61,40.66,5.54
399006.SZ,20260318,9215133995776.0,7909163610704.0,147985653649.0,121939679317.0,86649328965.0,2.31,3.25,44.15,41.16,5.61
399006.SZ,20260317,9065733058527.0,7767492435967.0,147985653649.0,121939679317.0,86649328965.0,2.52,3.55,43.65,40.55,5.52
399006.SZ,20260316,9262848737116.0,7946540435236.0,147984936789.0,121940100657.0,86649750305.0,2.45,3.45,44.64,41.47,5.63
399006.SZ,20260313,9146168261366.0,7839647895749.0,147984936789.0,121940100657.0,86636380305.0,2.64,3.72,44.08,40.94,5.56
399006.SZ,20260312,9174874624217.0,7869242422921.0,147984936464.0,121940100332.0,86636379980.0,2.72,3.83,44.9,41.2,5.59
399006.SZ,20260311,9252301735625.0,7939161480194.0,147984936464.0,121940100332.0,86631554584.0,2.96,4.16,45.28,41.54,5.63
399006.SZ,20260310,9132837544804.0,7828561014018.0,147980149732.0,121935713600.0,86639615810.0,2.97,4.17,44.69,40.97,5.56
399006.SZ,20260309,8871168519127.0,7587486844580.0,147972582032.0,121935717331.0,86911392191.0,3.14,4.41,48.89,41.52,5.49
399006.SZ,20260306,8913868359752.0,7637294571108.0,147972582032.0,121935717331.0,86911392191.0,2.12,2.98,49.12,41.71,5.52
399006.SZ,20260305,8872669425198.0,7607875531135.0,147972982484.0,121935690855.0,86911365715.0,2.48,3.48,48.9,41.52,5.49
399006.SZ,20260304,8755557774189.0,7493247380504.0,147972982484.0,121935690855.0,86911365715.0,2.46,3.46,48.25,40.97,5.42
399006.SZ,20260303,8857422969193.0,7591766255383.0,147972982484.0,121935690855.0,86911365715.0,3.65,5.12,48.81,41.45,5.48
399006.SZ,20260302,9095790103594.0,7793805745200.0,147972982484.0,121934565955.0,86905285407.0,3.52,4.94,50.13,42.56,5.63
399006.SZ,20260227,9161989767142.0,7851702162241.0,147972982484.0,121934566105.0,86905285557.0,3.31,4.64,50.49,43.32,5.69
399006.SZ,20260226,9239440159700.0,7925904886570.0,147972982484.0,121934566105.0,86905285557.0,3.33,4.68,50.92,43.49,5.74
399006.SZ,20260225,9260672850192.0,7941217174965.0,147890734381.0,121934566105.0,86905285557.0,3.32,4.66,51.04,43.59,5.76
399006.SZ,20260224,9150110954727.0,7843894375123.0,147890734381.0,121934566105.0,86905285557.0,3.17,4.45,50.43,42.5,5.69
399006.SZ,20260213,9068278568992.0,7762578017154.0,147890733836.0,121934565560.0,86905285012.0,3.08,4.33,49.98,42.12,5.64
399006.SZ,20260212,9201122640675.0,7883833094762.0,147890733836.0,121934565560.0,86882850812.0,3.49,4.89,50.71,42.74,5.72
399006.SZ,20260211,9080107791926.0,7773238236943.0,147788662157.0,121940152281.0,86888437533.0,3.3,4.63,50.04,42.18,5.66
399006.SZ,20260210,9157037071378.0,7840569005049.0,147786260194.0,121937750318.0,86886035570.0,3.51,4.92,50.46,42.55,5.71
399006.SZ,20260209,9188233960946.0,7868592762180.0,147786250986.0,121932519174.0,86878104426.0,3.55,4.98,50.64,42.7,5.73
399006.SZ,20260206,8945339839592.0,7635662144923.0,147733590806.0,121558698870.0,86833717394.0,3.26,4.56,49.3,41.57,5.59
399006.SZ,20260205,9003033181117.0,7684288789697.0,147733544574.0,121556875403.0,86829378627.0,3.55,4.97,49.62,41.84,5.63
399006.SZ,20260204,9135257595682.0,7801991476744.0,147733544574.0,121556875403.0,86827310227.0,3.91,5.48,50.34,42.45,5.71
399006.SZ,20260203,9132188933920.0,7805706872222.0,147733544221.0,121556875050.0,86827309874.0,3.75,5.25,50.33,42.44,5.71
399006.SZ,20260202,8955732928883.0,7655617768524.0,147733544205.0,121556875034.0,86815259233.0,3.85,5.39,49.35,41.62,5.6
399006.SZ,20260130,9181577787925.0,7846512022971.0,147732023130.0,121550108204.0,86809211393.0,4.24,5.93,50.63,42.65,5.74
399006.SZ,20260129,9108954616870.0,7765126315526.0,147730555210.0,121548717909.0,86807821098.0,4.88,6.83,50.23,42.31,5.69
399006.SZ,20260128,9157946782991.0,7808778150624.0,147729907869.0,121548070568.0,86807173757.0,4.21,5.89,50.5,42.54,5.73
399006.SZ,20260127,9210633384000.0,7846650024252.0,147729907869.0,121548070568.0,86809125357.0,4.13,5.79,50.79,42.8,5.76
399006.SZ,20260126,9159953924142.0,7801051512889.0,147729907869.0,121548112568.0,86809167357.0,4.87,6.82,50.51,42.56,5.73
399006.SZ,20260123,9250511887786.0,7870528426857.0,147729530526.0,121546966475.0,86798403449.0,4.05,5.67,51.01,42.98,5.78
399006.SZ,20260122,9160778811223.0,7792522044804.0,147671089764.0,121510821103.0,86798403449.0,3.12,4.37,50.52,42.56,5.73
399006.SZ,20260121,9086749870482.0,7723390396364.0,147671089764.0,121509321503.0,86791300164.0,3.13,4.38,50.11,42.22,5.69
399006.SZ,20260120,9038569290081.0,7677696904975.0,147671089764.0,121509321503.0,86790786202.0,3.57,5.0,49.85,42.0,5.66
399006.SZ,20260119,9186671600607.0,7809588373777.0,147671089533.0,121508807310.0,86790785971.0,3.41,4.77,50.66,42.68,5.75
399006.SZ,20260116,9258032893282.0,7876893804135.0,147671089533.0,121508807307.0,86785285968.0,4.5,6.3,51.06,43.02,5.79
399006.SZ,20260115,9265909058624.0,7886371272258.0,147671089533.0,121508807307.0,86785285968.0,4.68,6.56,51.1,43.05,5.8
399006.SZ,20260114,9230946007131.0,7857803107100.0,147671089533.0,121508807307.0,86785285968.0,6.44,9.02,50.91,42.89,5.77
399006.SZ,20260113,9156132577380.0,7794315877345.0,147670393155.0,121508292337.0,86781495600.0,6.12,8.57,50.49,42.54,5.73
399006.SZ,20260112,9346076192169.0,7952243461894.0,147670070720.0,121479411307.0,86752614570.0,6.13,8.59,51.54,43.42,5.85
399006.SZ,20260109,9172295845326.0,7810612783950.0,147670070720.0,121479411307.0,86752614570.0,4.89,6.84,50.58,42.62,5.74
399006.SZ,20260108,9076191765665.0,7731214899971.0,147670070720.0,121479465397.0,86752668660.0,3.99,5.59,50.05,42.17,5.68
399006.SZ,20260107,9139377118739.0,7796668586505.0,147669879492.0,121479274169.0,86752477432.0,4.27,5.98,50.4,42.46,5.72
399006.SZ,20260106,9116931374674.0,7772634348193.0,147669879122.0,121489439821.0,86762643084.0,4.83,6.77,50.28,42.36,5.7
399006.SZ,20260105,9031355843057.0,7716876301298.0,147668819626.0,121592720659.0,86860289691.0,4.28,5.99,49.81,41.96,5.65
000016.SH,20260717,27545558566245.0,22032381560353.0,2106437827951.0,1612584761599.0,355619622079.0,0.44,2.01,11.37,11.27,1.22
000016.SH,20260716,27775701905659.0,22212601273255.0,2106437827951.0,1612584761599.0,355619622079.0,0.35,1.58,11.47,11.37,1.23
000016.SH,20260715,28223634683962.0,22544842713271.0,2106437827951.0,1605071379770.0,348106240250.0,0.39,1.78,11.65,11.55,1.25
000016.SH,20260714,28108434793819.0,22429667778281.0,2106437827951.0,1605071379770.0,348106240250.0,0.42,1.92,11.6,11.5,1.25
000016.SH,20260713,27821569821399.0,22169278055146.0,2106437943511.0,1605071379770.0,348103970550.0,0.4,1.83,11.48,11.39,1.23
000016.SH,20260710,27761819053952.0,22157999558301.0,2106437943511.0,1605071379770.0,348103970550.0,0.38,1.73,11.46,11.36,1.23
000016.SH,20260709,27972973327894.0,22302454579816.0,2106437943511.0,1605071379770.0,348103970550.0,0.36,1.65,11.55,11.45,1.23
000016.SH,20260708,27595449629702.0,22040714239180.0,2106437948076.0,1605071379770.0,348103970550.0,0.32,1.48,11.39,11.29,1.22
000016.SH,20260707,27396200512473.0,21917220089999.0,2106439610076.0,1605073041770.0,348105632550.0,0.32,1.49,11.31,11.21,1.21
000016.SH,20260706,27477222561659.0,22001942234853.0,2106434453311.0,1605073041770.0,348100982550.0,0.37,1.73,11.34,11.25,1.21
000016.SH,20260703,27147509836761.0,21755312424018.0,2106479346811.0,1605073041770.0,348100982550.0,0.37,1.72,11.21,11.11,1.2
000016.SH,20260702,27054048098115.0,21660948092078.0,2106483264284.0,1605076959243.0,348104864604.0,0.41,1.89,11.17,11.07,1.19
000016.SH,20260701,27430014357928.0,21967998667134.0,2106483196247.0,1605076891206.0,348104831986.0,0.39,1.82,11.32,11.23,1.21
000016.SH,20260630,27385456371758.0,21948270322357.0,2106483128982.0,1605071667155.0,348099607935.0,0.37,1.73,11.3,11.21,1.21
000016.SH,20260629,27570359137243.0,22106840208427.0,2106483068202.0,1605071667155.0,348099607935.0,0.4,1.85,11.38,11.28,1.21
000016.SH,20260626,27070940925191.0,21690269490708.0,2106478009434.0,1605071667155.0,348099607935.0,0.4,1.83,11.17,11.08,1.19
000016.SH,20260625,27632172915401.0,22122164127238.0,2106478009434.0,1605071667155.0,348099607935.0,0.44,2.02,11.41,11.31,1.21
000016.SH,20260624,27549799042408.0,22103281761236.0,2105930826361.0,1605071667155.0,348099607935.0,0.4,1.85,11.37,11.28,1.21
000016.SH,20260623,27666891794091.0,22200967521192.0,2105930826361.0,1605071667155.0,348099607935.0,0.49,2.25,11.42,11.32,1.22
000016.SH,20260622,28035986756662.0,22532918158154.0,2105920337816.0,1605041045273.0,348068986053.0,0.51,2.33,11.57,11.47,1.23
000016.SH,20260618,27421301933601.0,22059374952131.0,2105920337816.0,1605040697793.0,348068638573.0,0.44,2.04,11.32,11.22,1.2
000016.SH,20260617,27748325012642.0,22277167394213.0,2105920337816.0,1605040056479.0,348067997259.0,0.33,1.54,11.45,11.36,1.22
000016.SH,20260616,27809232335837.0,22322345843144.0,2105919690668.0,1605040056479.0,348067993061.0,0.36,1.64,11.48,11.38,1.22
000016.SH,20260615,28146702116586.0,22584300100649.0,2105919686470.0,1605040052281.0,348067993061.0,0.48,2.23,11.62,11.52,1.24
000016.SH,20260612,27929487332375.0,22379109316887.0,2171615784389.0,1671697060255.0,371589763684.0,0.48,2.16,11.39,11.33,1.2
000016.SH,20260611,27546041846197.0,22071938404712.0,2171615777021.0,1671697052887.0,371589756316.0,0.31,1.4,11.24,11.18,1.18
000016.SH,20260610,27561711099384.0,22088640543518.0,2171615761652.0,1671697037518.0,371589740947.0,0.35,1.59,11.24,11.18,1.18
000016.SH,20260609,27416058732925.0,21956161944088.0,2171615729629.0,1671697005495.0,371589708924.0,0.32,1.45,11.18,11.12,1.18
000016.SH,20260608,27422730063410.0,21982708170081.0,2171615729629.0,1671697005495.0,371589708924.0,0.39,1.74,11.19,11.13,1.18
000016.SH,20260605,27423579572300.0,21983364128437.0,2171615727605.0,1671697003471.0,371589706900.0,0.32,1.44,11.19,11.13,1.18
000016.SH,20260604,27478938872519.0,22025141780322.0,2171615721531.0,1671697003471.0,371589706900.0,0.27,1.2,11.21,11.15,1.18
000016.SH,20260603,27758737667908.0,22260696630715.0,2171615721531.0,1671697003471.0,371589706900.0,0.33,1.5,11.32,11.26,1.19
000016.SH,20260602,27791051090223.0,22279233735685.0,2171615138448.0,1671696739210.0,371589442639.0,0.36,1.61,11.34,11.28,1.19
000016.SH,20260601,27672338902914.0,22177349408024.0,2171615138448.0,1671696739210.0,371589442639.0,0.36,1.61,11.29,11.23,1.19
000016.SH,20260529,27712530222371.0,22211320225086.0,2171615138448.0,1671696739210.0,371589442639.0,0.41,1.84,11.3,11.24,1.19
000016.SH,20260528,27580593137233.0,22057313683966.0,2171306824876.0,1671388425638.0,371351283881.0,0.31,1.4,11.25,11.19,1.18
000016.SH,20260527,27720737250781.0,22211579537557.0,2171309013490.0,1671390614252.0,371353472495.0,0.34,1.51,11.31,11.25,1.19
000016.SH,20260526,28046296643697.0,22477906135353.0,2171309013490.0,1671390614252.0,371353472495.0,0.33,1.48,11.44,11.38,1.2
000016.SH,20260525,28003786487873.0,22412529473289.0,2171309013490.0,1671390614252.0,371353472495.0,0.29,1.3,11.42,11.36,1.2
000016.SH,20260522,27692234133483.0,22256734905269.0,2171309013490.0,1671390614252.0,371353472495.0,0.31,1.41,11.3,11.24,1.19
000016.SH,20260521,27716045370587.0,22307778129121.0,2171309013490.0,1671390614252.0,371353472495.0,0.38,1.71,11.31,11.25,1.19
000016.SH,20260520,27992485860693.0,22531872593911.0,2171309013490.0,1671390614252.0,371353472495.0,0.34,1.55,11.42,11.36,1.2
000016.SH,20260519,28107336734367.0,22672591627199.0,2171309013490.0,1671388691131.0,371351549374.0,0.35,1.57,11.47,11.4,1.2
000016.SH,20260518,27918315576643.0,22506582070918.0,2171309013490.0,1671388691131.0,371351549374.0,0.36,1.61,11.39,11.33,1.2
000016.SH,20260515,28063456218076.0,22615586425258.0,2171307090369.0,1671388691131.0,371351549374.0,0.38,1.72,11.45,11.39,1.2
000016.SH,20260514,28295133027177.0,22812109234722.0,2171307090369.0,1671388691131.0,371351549374.0,0.38,1.7,11.54,11.48,1.21
000016.SH,20260513,28523585799941.0,22996636326811.0,2171307090369.0,1671388691131.0,371351549374.0,0.39,1.73,11.64,11.57,1.22
000016.SH,20260512,28680012684212.0,23111094124861.0,2171307090369.0,1671388691131.0,371351549374.0,0.4,1.78,11.7,11.64,1.22
000016.SH,20260511,28646405669140.0,23078397005656.0,2171307090369.0,1671388691131.0,371351549374.0,0.42,1.87,11.69,11.62,1.22
000016.SH,20260508,28460797609968.0,22915266183942.0,2171307090369.0,1671388691131.0,371351549374.0,0.3,1.36,11.61,11.55,1.21
000016.SH,20260507,28638169866398.0,23055960376066.0,2171100482570.0,1671182083332.0,371250706233.0,0.35,1.57,11.68,11.62,1.22
000016.SH,20260506,28736976626465.0,23160391654628.0,2171100405248.0,1671182051332.0,371250674233.0,0.41,1.83,11.72,11.66,1.22
000016.SH,20260430,28610361219983.0,23044303456786.0,2171100405248.0,1671182051332.0,371250674233.0,0.37,1.68,11.67,11.61,1.22
000016.SH,20260429,28521568479332.0,23015464124198.0,2171100405248.0,1672636219730.0,374204700654.0,0.37,1.63,11.68,11.6,1.23
000016.SH,20260428,28467262187185.0,22963012913400.0,2171100405248.0,1672636219730.0,374204700700.0,0.29,1.31,11.67,11.58,1.24
000016.SH,20260427,28324695664421.0,22838289314586.0,2171100405248.0,1672636219730.0,374204700700.0,0.26,1.18,11.61,11.53,1.23
000016.SH,20260424,28436083961787.0,22954345268747.0,2171100405248.0,1672632853070.0,374229183682.0,0.25,1.13,11.63,11.56,1.24
000016.SH,20260423,28305513640992.0,22841567988620.0,2171100405248.0,1672632853070.0,374229183682.0,0.32,1.43,11.58,11.51,1.23
000016.SH,20260422,28226502069170.0,22769636680602.0,2171100405248.0,1672632853070.0,374229183682.0,0.27,1.21,11.55,11.48,1.23
000016.SH,20260421,28357692828295.0,22867944858197.0,2171100405248.0,1672632853070.0,374229183682.0,0.28,1.24,11.6,11.58,1.24
000016.SH,20260420,28340233711711.0,22859824577042.0,2171100405248.0,1672632853070.0,374229183682.0,0.29,1.28,11.59,11.57,1.24
000016.SH,20260417,28090818664951.0,22671960432234.0,2171100405248.0,1672632853070.0,374219655582.0,0.25,1.12,11.46,11.44,1.23
000016.SH,20260416,28266631010992.0,22828860794500.0,2171100405248.0,1672632853070.0,374191805894.0,0.25,1.1,11.51,11.48,1.23
000016.SH,20260415,28255566842575.0,22810065536382.0,2171100405248.0,1672629518124.0,374188470948.0,0.28,1.26,11.51,11.47,1.23
000016.SH,20260414,28112378595071.0,22697793771068.0,2171100405248.0,1672629518124.0,374188470948.0,0.25,1.12,11.45,11.41,1.23
000016.SH,20260413,27921869293462.0,22550918226898.0,2171100405248.0,1672629518124.0,374188470948.0,0.24,1.08,11.37,11.34,1.22
000016.SH,20260410,27867191592471.0,22497030763104.0,2171100389142.0,1672628729515.0,374187682339.0,0.25,1.14,11.35,11.32,1.22
000016.SH,20260409,27814908862888.0,22452406735031.0,2171100223408.0,1672628671813.0,368843467900.0,0.23,1.05,11.33,11.31,1.22
000016.SH,20260408,27968264816646.0,22578809195839.0,2170630228193.0,1672628671813.0,368908870578.0,0.35,1.59,11.39,11.37,1.22
000016.SH,20260407,27652677467076.0,22340492584119.0,2170630228193.0,1672628671813.0,369073479752.0,0.22,1.0,11.26,11.25,1.21
000016.SH,20260403,27680627209627.0,22364865683738.0,2170630228193.0,1672628671813.0,369073479752.0,0.22,0.98,11.28,11.26,1.21
000016.SH,20260402,27937845107573.0,22558144986313.0,2170630143109.0,1672628671813.0,369073479752.0,0.28,1.27,11.38,11.36,1.22
000016.SH,20260401,27928657443214.0,22539468522360.0,2170630139986.0,1672405085665.0,368849893604.0,0.3,1.37,11.42,11.39,1.22
000016.SH,20260331,27659813170429.0,22317745198809.0,2170630139986.0,1672405085665.0,368832393604.0,0.34,1.55,11.31,11.28,1.21
000016.SH,20260330,27634119324289.0,22299626914242.0,2170630116388.0,1672405062067.0,368808993891.0,0.29,1.33,11.35,11.3,1.22
000016.SH,20260327,27539707506711.0,22211829585126.0,2170629216388.0,1672404162067.0,369946376328.0,0.28,1.26,11.42,11.28,1.22
000016.SH,20260326,27505640117658.0,22156567363952.0,2170629216388.0,1672356740868.0,369946376328.0,0.31,1.41,11.53,11.24,1.23
000016.SH,20260325,27693869222900.0,22290788011041.0,2170629216388.0,1672356740868.0,369946376328.0,0.38,1.73,11.85,11.24,1.23
000016.SH,20260324,27544084982118.0,22150018990802.0,2170629216388.0,1666951335463.0,369946376328.0,0.38,1.71,11.79,11.17,1.23
000016.SH,20260323,27334843805879.0,22001323244306.0,2170629216388.0,1666951313575.0,369915303379.0,0.52,2.35,11.75,11.11,1.22
000016.SH,20260320,28131479436339.0,22635498706774.0,2170620278788.0,1666951313575.0,369917279679.0,0.4,1.79,12.1,11.44,1.25
000016.SH,20260319,28441691851006.0,22892053693274.0,2170620278788.0,1666951313575.0,369917279679.0,0.4,1.81,12.14,11.53,1.27
000016.SH,20260318,28486098007140.0,22927450660989.0,2170620278788.0,1666951313575.0,369917279679.0,0.33,1.47,12.16,11.55,1.27
000016.SH,20260317,28492593847727.0,22988044689776.0,2169257030342.0,1666951313575.0,369917279725.0,0.38,1.69,12.16,11.55,1.27
000016.SH,20260316,28318362139785.0,22866593160136.0,2169257030342.0,1666951313575.0,369917279725.0,0.36,1.61,12.08,11.49,1.27
000016.SH,20260313,28321475193936.0,22859582739693.0,2169257030342.0,1666951313575.0,369917279725.0,0.41,1.86,12.09,11.49,1.27
000016.SH,20260312,28410339037151.0,22954491468185.0,2169257030342.0,1666951313575.0,369917279725.0,0.33,1.5,12.14,11.53,1.27
000016.SH,20260311,28445059273241.0,22979023516517.0,2169257030342.0,1666951313575.0,369917279725.0,0.34,1.51,12.15,11.54,1.27
000016.SH,20260310,28316452595262.0,22889866152705.0,2169256952710.0,1666951313575.0,369917279725.0,0.33,1.47,12.1,11.48,1.27
000016.SH,20260309,28469102291675.0,23030608202387.0,2169256952710.0,1666951313575.0,369917279725.0,0.47,2.13,12.16,11.54,1.27
000016.SH,20260306,28531938661924.0,23071533194689.0,2169256892409.0,1666951313575.0,369917279725.0,0.3,1.37,12.19,11.56,1.27
000016.SH,20260305,28600365459393.0,23130536138512.0,2169256812227.0,1666951233393.0,369917199543.0,0.38,1.72,12.22,11.59,1.28
000016.SH,20260304,28596189539743.0,23129897701092.0,2169256812227.0,1666951233393.0,369917199543.0,0.52,2.35,12.22,11.59,1.28
000016.SH,20260303,28953658604590.0,23405120709821.0,2169255951912.0,1666951170775.0,369917136925.0,0.63,2.83,12.37,11.73,1.29
000016.SH,20260302,28674929598422.0,23182204309074.0,2169255951912.0,1666951170775.0,369917136925.0,0.5,2.26,12.25,11.62,1.28
000016.SH,20260227,28323466305165.0,22870851317253.0,2169255951912.0,1666951170775.0,369917136925.0,0.26,1.19,12.1,11.48,1.27
000016.SH,20260226,28313967273744.0,22849252194340.0,2169255951912.0,1666951170775.0,369917136925.0,0.26,1.19,12.1,11.48,1.26
000016.SH,20260225,28532312679197.0,23017204520951.0,2169255951912.0,1666951170775.0,369917136925.0,0.34,1.53,12.19,11.57,1.27
000016.SH,20260224,28495584704015.0,22975173587611.0,2169255951912.0,1666951170775.0,369917136925.0,0.26,1.19,12.17,11.55,1.27
000016.SH,20260213,28404045905038.0,22893030345488.0,2169255916726.0,1666951170775.0,369917136925.0,0.28,1.24,12.13,11.51,1.27
000016.SH,20260212,28850271745507.0,23261175453127.0,2169245978455.0,1666951116004.0,369917082154.0,0.27,1.2,12.32,11.7,1.29
000016.SH,20260211,29000483339998.0,23377232625717.0,2169245978455.0,1666948006278.0,369913972428.0,0.22,1.0,12.39,11.76,1.3
000016.SH,20260210,28970465435181.0,23341407974485.0,2169241037355.0,1666948006278.0,369913972428.0,0.23,1.03,12.38,11.74,1.29
000016.SH,20260209,28893493609820.0,23294295768846.0,2169175147355.0,1666948006278.0,369913972428.0,0.25,1.13,12.34,11.71,1.29
000016.SH,20260206,28584572422581.0,23046849701740.0,2169175090052.0,1666947948975.0,369913915125.0,0.28,1.26,12.21,11.59,1.28
000016.SH,20260205,28701143205578.0,23150555053825.0,2169174786111.0,1666947837862.0,369913804012.0,0.32,1.45,12.26,11.64,1.28
000016.SH,20260204,28757881233524.0,23188094891467.0,2169174743809.0,1666947837862.0,369913804012.0,0.37,1.65,12.28,11.66,1.28
000016.SH,20260203,28412261078214.0,22901366133855.0,2169298078809.0,1666947832862.0,369913799012.0,0.39,1.75,12.14,11.52,1.27
000016.SH,20260202,28447338995660.0,22891218054804.0,2169298078809.0,1666486871649.0,369913799012.0,0.48,2.18,12.15,11.53,1.27
000016.SH,20260130,28907804958785.0,23257947730024.0,2169298078010.0,1666486870850.0,369913798213.0,0.47,2.14,12.35,11.72,1.29
000016.SH,20260129,29148073779876.0,23459484207583.0,2169298078010.0,1666486870850.0,369617955579.0,0.6,2.72,12.45,11.82,1.3
000016.SH,20260128,28788039337811.0,23136562340458.0,2169298078010.0,1666486870850.0,369617955579.0,0.58,2.61,12.3,11.67,1.28
000016.SH,20260127,28692022553181.0,23078510078764.0,2169298078010.0,1666486870850.0,369617955579.0,0.45,2.03,12.26,11.63,1.28
000016.SH,20260126,28631162801322.0,23050378671909.0,2169298078010.0,1666486870850.0,369617955579.0,0.53,2.41,12.23,11.61,1.28
000016.SH,20260123,28320681879672.0,22793771186126.0,2169298078010.0,1666486870850.0,369617955579.0,0.41,1.87,12.1,11.49,1.26
000016.SH,20260122,28606746841325.0,23019962199094.0,2169298078010.0,1666486870850.0,369611694126.0,0.38,1.7,12.22,11.6,1.28
000016.SH,20260121,28736233929712.0,23119069590491.0,2169298078010.0,1666486870850.0,369611694126.0,0.39,1.78,12.28,11.66,1.28
000016.SH,20260120,28930720201995.0,23278268545032.0,2169298078010.0,1666486870850.0,369611694126.0,0.36,1.62,12.36,11.74,1.29
000016.SH,20260119,28867788197903.0,23228439277784.0,2169298078010.0,1666486870850.0,369611694126.0,0.34,1.51,12.33,11.71,1.29
000016.SH,20260116,28950359761701.0,23275028992649.0,2169298078010.0,1666475211854.0,369600035130.0,0.43,1.96,12.37,11.74,1.29
000016.SH,20260115,29262842086210.0,23528582330747.0,2169297987577.0,1665750483066.0,368875306342.0,0.33,1.48,12.5,11.87,1.3
000016.SH,20260114,29393095398647.0,23629407575348.0,2169351875219.0,1665804405771.0,368929229047.0,0.43,1.95,12.56,11.93,1.31
000016.SH,20260113,29687851003910.0,23863043755040.0,2169351875219.0,1665804405771.0,368929229047.0,0.38,1.71,12.68,12.06,1.32
000016.SH,20260112,29646607574528.0,23844758853110.0,2169305919533.0,1665804250085.0,368929073361.0,0.39,1.75,12.66,12.04,1.32
000016.SH,20260109,29572199770395.0,23756372394376.0,2169305919533.0,1665804250085.0,368920621910.0,0.36,1.63,12.63,12.01,1.32
000016.SH,20260108,29480352723249.0,23657544150344.0,2169305919533.0,1665804250085.0,368920621910.0,0.32,1.45,12.59,11.98,1.31
000016.SH,20260107,29669782470801.0,23779615770827.0,2169305919533.0,1665726250085.0,368842621910.0,0.31,1.41,12.67,12.05,1.32
000016.SH,20260106,29865409008161.0,23927914852396.0,2169305914190.0,1665726079565.0,368826264373.0,0.35,1.56,12.76,12.13,1.33
000016.SH,20260105,29486491037730.0,23620831671193.0,2169305703779.0,1665725869154.0,368826053962.0,0.32,1.45,12.6,11.98,1.31
000300.SH,20260717,66103880381485.0,50746236860485.0,4425350639710.0,3348544590275.0,1159441490252.0,0.9,2.61,14.21,13.98,1.42
000300.SH,20260716,67429950564703.0,51998899006570.0,4425349108103.0,3348543058668.0,1159439958645.0,0.75,2.17,14.49,14.26,1.45
000300.SH,20260715,68446203969739.0,52791522353717.0,4425343886128.0,3341024582864.0,1151921482841.0,0.83,2.42,14.71,14.48,1.47
000300.SH,20260714,68345931973445.0,52744991753056.0,4425365621761.0,3341021235376.0,1151918135353.0,0.85,2.46,14.69,14.46,1.47
000300.SH,20260713,67338129980573.0,51856133535735.0,4425387482496.0,3341042980551.0,1151929181383.0,0.83,2.42,14.48,14.24,1.45
000300.SH,20260710,67844161160557.0,52413765659161.0,4425387482496.0,3341040065184.0,1151956958260.0,0.91,2.64,14.58,14.35,1.45
000300.SH,20260709,68564769863206.0,53131488903784.0,4424292453803.0,3339384575529.0,1150505787017.0,0.84,2.45,14.74,14.5,1.47
000300.SH,20260708,67582996786943.0,52216717970877.0,4424292458368.0,3339384034110.0,1150504120598.0,0.73,2.12,14.53,14.3,1.44
000300.SH,20260707,67625788508985.0,52367279071530.0,4424293818583.0,3339385408264.0,1150505494752.0,0.74,2.14,14.54,14.31,1.45
000300.SH,20260706,68062587977857.0,52809507210549.0,4424286750725.0,3339382880121.0,1150489851665.0,0.88,2.56,14.63,14.4,1.46
000300.SH,20260703,67707326204031.0,52632560508333.0,4424327362745.0,3339382852121.0,1150489823665.0,0.9,2.62,14.55,14.32,1.45
000300.SH,20260702,67303550963109.0,52326703150708.0,4424276375896.0,3339906175956.0,1151012954792.0,1.03,2.98,14.47,14.24,1.44
000300.SH,20260701,68611061134953.0,53528454187636.0,4424275319336.0,3339938781255.0,1151045752799.0,1.03,2.98,14.75,14.51,1.47
000300.SH,20260630,68576578101387.0,53541535100364.0,4424275334611.0,3339935667579.0,1151042639123.0,0.92,2.66,14.74,14.51,1.47
000300.SH,20260629,68492271584827.0,53344264484626.0,4424278473811.0,3339935667579.0,1151012814823.0,0.97,2.81,14.72,14.49,1.46
000300.SH,20260626,67784979121690.0,52784395092854.0,4424215522252.0,3339931775988.0,1151005696502.0,1.02,2.96,14.57,14.34,1.45
000300.SH,20260625,69555047949031.0,54258252842181.0,4423403710372.0,3339931775988.0,1150829681296.0,1.04,3.01,14.95,14.71,1.48
000300.SH,20260624,69117019453531.0,53802832935307.0,4422872840625.0,3339820906994.0,1150718812302.0,0.93,2.71,14.86,14.62,1.47
000300.SH,20260623,69252361335610.0,53793499581078.0,4422872840559.0,3339820918928.0,1150718824236.0,1.03,2.98,14.89,14.65,1.48
000300.SH,20260622,70571315428858.0,54905462972264.0,4422903811829.0,3339813130137.0,1150650291134.0,1.12,3.26,15.17,14.93,1.5
000300.SH,20260618,69195546103751.0,53784306255277.0,4423058723429.0,3339967694257.0,1150796677954.0,1.0,2.91,14.87,14.64,1.48
000300.SH,20260617,69639221254244.0,53983242488719.0,4423052953370.0,3339967052943.0,1150796036640.0,0.83,2.4,14.97,14.73,1.48
000300.SH,20260616,69431776863194.0,53753694635518.0,4422646099602.0,3339738944281.0,1150194918082.0,0.85,2.46,14.93,14.69,1.48
000300.SH,20260615,69910743944006.0,54035207842430.0,4422646095402.0,3339728019919.0,1150183997920.0,0.99,2.88,15.03,14.79,1.49
000300.SH,20260612,67937951620802.0,52227849787215.0,4385913578268.0,3305835767100.0,1119295640757.0,1.02,3.0,14.61,14.42,1.44
000300.SH,20260611,67153261156212.0,51584717674556.0,4385601906588.0,3305524791718.0,1119123190050.0,0.75,2.21,14.44,14.25,1.42
000300.SH,20260610,67366439106496.0,51768435441378.0,4385203532167.0,3305166421161.0,1118778100391.0,0.78,2.32,14.49,14.3,1.43
000300.SH,20260609,67689628618903.0,52101228892972.0,4381933482445.0,3306140918713.0,1119752597943.0,0.78,2.31,14.56,14.37,1.43
000300.SH,20260608,67064782413279.0,51447502849949.0,4381933409135.0,3304213348682.0,1120120513633.0,0.91,2.68,14.42,14.23,1.42
000300.SH,20260605,67793391848507.0,52156727882250.0,4381978262264.0,3304258884826.0,1120152632148.0,0.91,2.7,14.58,14.39,1.44
000300.SH,20260604,68530676315986.0,52784354939686.0,4381967857489.0,3304231691462.0,1120076952766.0,0.8,2.36,14.74,14.54,1.45
000300.SH,20260603,69160508719860.0,53279387469941.0,4381943445408.0,3304225511429.0,1120076663181.0,0.92,2.71,14.87,14.68,1.46
000300.SH,20260602,69078532148534.0,53182044327329.0,4382259267925.0,3304509297077.0,1120360448829.0,0.85,2.51,14.86,14.66,1.46
000300.SH,20260601,68403476417647.0,52620110107240.0,4382245234391.0,3304496064361.0,1120337735866.0,0.9,2.64,14.71,14.52,1.45
000300.SH,20260529,68601960204378.0,52848584725428.0,4382243478793.0,3304462444908.0,1120367732151.0,1.01,2.97,14.75,14.56,1.45
000300.SH,20260528,68625956675169.0,52838972653183.0,4381934889678.0,3304153855793.0,1120096247620.0,0.81,2.39,14.76,14.56,1.45
000300.SH,20260527,68668204241509.0,52874356172513.0,4381936590698.0,3303507289211.0,1119449681038.0,0.91,2.7,14.77,14.57,1.45
000300.SH,20260526,69286176803220.0,53343683895543.0,4381974796453.0,3303665637467.0,1119601699389.0,0.92,2.7,14.9,14.7,1.47
000300.SH,20260525,68978480349052.0,53108920218167.0,4381965915855.0,3303665539069.0,1119585601093.0,0.8,2.36,14.83,14.64,1.46
000300.SH,20260522,68256849913806.0,52548036325624.0,4382028221094.0,3303730975308.0,1119641087749.0,0.87,2.56,14.68,14.49,1.44
000300.SH,20260521,67831167284544.0,52151002745922.0,4381638828673.0,3303368515047.0,1119564844304.0,0.87,2.57,14.59,14.4,1.43
000300.SH,20260520,68673672146936.0,52826246206420.0,4381638401660.0,3303368052034.0,1118597606214.0,0.67,1.97,14.77,14.57,1.45
000300.SH,20260519,68954890660856.0,53071357910014.0,4381638105839.0,3303365833092.0,1118559105722.0,0.7,2.08,14.83,14.63,1.46
000300.SH,20260518,68577776100116.0,52793088846795.0,4381637866537.0,3303365500832.0,1118558773462.0,0.72,2.14,14.75,14.55,1.45
000300.SH,20260515,68823629938063.0,53012287769693.0,4381480843333.0,3303208733278.0,1118505525645.0,0.84,2.48,14.8,14.61,1.45
000300.SH,20260514,69386587813356.0,53518431704457.0,4381479163448.0,3303208454571.0,1118501346738.0,0.85,2.51,14.92,14.73,1.47
000300.SH,20260513,70203519809165.0,54253802751594.0,4381479500302.0,3303207902201.0,1118404825350.0,0.81,2.4,15.1,14.9,1.48
000300.SH,20260512,69862449119959.0,53903265137751.0,4381489355473.0,3303207509397.0,1118404432546.0,0.83,2.45,15.02,14.83,1.47
000300.SH,20260511,69996195320191.0,54009260540743.0,4381526350744.0,3303242072768.0,1118410478605.0,0.93,2.73,15.05,14.85,1.48
000300.SH,20260508,69293854939885.0,53366562927707.0,4381520537523.0,3303241799115.0,1118393901952.0,0.76,2.25,14.9,14.71,1.46
000300.SH,20260507,69585614304159.0,53611526423379.0,4381313380225.0,3303034641817.0,1118289070515.0,0.78,2.31,14.96,14.77,1.47
000300.SH,20260506,69674732859210.0,53589267029359.0,4381277748640.0,3303013262246.0,1118328311930.0,0.83,2.45,14.98,14.79,1.47
000300.SH,20260430,69194321613555.0,53089097686150.0,4381209755118.0,3303021011555.0,1123511330776.0,0.76,2.23,14.81,14.64,1.46
000300.SH,20260429,69251823790204.0,53227021046699.0,4381217027282.0,3304482452117.0,1127480677138.0,0.71,2.07,14.82,14.71,1.48
000300.SH,20260428,68769639471142.0,52845037865015.0,4381216920032.0,3304475557452.0,1122600278192.0,0.66,1.93,14.72,14.61,1.48
000300.SH,20260427,68664051198516.0,52832416852876.0,4381176425175.0,3304445972318.0,1122388952023.0,0.58,1.72,14.58,14.54,1.48
000300.SH,20260424,68687619374143.0,52875795608878.0,4381179097449.0,3304460100657.0,1121339133587.0,0.59,1.73,14.58,14.55,1.48
000300.SH,20260423,68810479654074.0,53009764201707.0,4381042608665.0,3304472420141.0,1121020686583.0,0.7,2.08,14.63,14.6,1.49
000300.SH,20260422,68791780183226.0,52997923675571.0,4381042265690.0,3304464416494.0,1121125901742.0,0.62,1.82,14.64,14.61,1.49
000300.SH,20260421,68644848278803.0,52812531495953.0,4380944048637.0,3304114668286.0,1120877684536.0,0.62,1.83,14.6,14.58,1.48
000300.SH,20260420,68412415026667.0,52708366897717.0,4380943797628.0,3304109802533.0,1120872818767.0,0.67,1.98,14.55,14.52,1.48
000300.SH,20260417,67922350362281.0,52353579937457.0,4380916592149.0,3304082800300.0,1121183564131.0,0.55,1.63,14.44,14.4,1.47
000300.SH,20260416,68129379276337.0,52518974936225.0,4380916462874.0,3304082671025.0,1121163741612.0,0.58,1.71,14.45,14.43,1.47
000300.SH,20260415,67689312933205.0,52123592928848.0,4380916374375.0,3304079247580.0,1121160318167.0,0.61,1.8,14.37,14.36,1.47
000300.SH,20260414,67760637481807.0,52186246147875.0,4380916266444.0,3303446432022.0,1120478971880.0,0.62,1.83,14.39,14.38,1.47
000300.SH,20260413,67186651642159.0,51661379210394.0,4380916210801.0,3303153272978.0,1120478916236.0,0.6,1.76,14.27,14.26,1.45
000300.SH,20260410,67017639069678.0,51534428869953.0,4380886786572.0,3303123521231.0,1120456358066.0,0.63,1.86,14.22,14.22,1.45
000300.SH,20260409,66421532762894.0,51002593615090.0,4380671446810.0,3302992947556.0,1115205912166.0,0.56,1.66,14.1,14.1,1.44
000300.SH,20260408,66801504730147.0,51334875902007.0,4380197770924.0,3302987486576.0,1115267585935.0,0.77,2.27,14.19,14.19,1.45
000300.SH,20260407,65461068209804.0,50129037455404.0,4380197536459.0,3302986431638.0,1115447779471.0,0.49,1.46,13.91,13.9,1.42
000300.SH,20260403,65494910958035.0,50139227280079.0,4380197347736.0,3302977650643.0,1115435019576.0,0.51,1.51,13.92,13.91,1.42
000300.SH,20260402,66134455949771.0,50609932713554.0,4377626820505.0,3302964736033.0,1115164864875.0,0.58,1.71,14.05,14.05,1.43
000300.SH,20260401,66370552519008.0,50856198347924.0,4377621652564.0,3302729054267.0,1114932225809.0,0.66,1.94,14.13,14.12,1.44
000300.SH,20260331,65752190153379.0,50209815737875.0,4377621652539.0,3302722357002.0,1114866100052.0,0.68,2.01,13.89,13.89,1.42
000300.SH,20260330,66083026183816.0,50489335027647.0,4377635732438.0,3302740293185.0,1112392112909.0,0.63,1.88,14.04,13.96,1.44
000300.SH,20260327,66059800361269.0,50482672303492.0,4377627017674.0,3302732453373.0,1113125280072.0,0.58,1.73,14.11,13.91,1.45
000300.SH,20260326,65815018799644.0,50241572679077.0,4377627017674.0,3302685848759.0,1113125929088.0,0.65,1.92,14.11,13.79,1.45
000300.SH,20260325,66396132244380.0,50722049746598.0,4377627017674.0,3302647247433.0,1113128288432.0,0.8,2.36,14.38,13.86,1.46
000300.SH,20260324,65825563828633.0,50158592857116.0,4377627500639.0,3297230453876.0,1113116900280.0,0.78,2.3,14.29,13.74,1.45
000300.SH,20260323,65160802659149.0,49642847108698.0,4377627500639.0,3297230431238.0,1113085826581.0,1.0,2.95,14.18,13.61,1.43
000300.SH,20260320,67108789068003.0,51224170630417.0,4377618563039.0,3297229749956.0,1112060405699.0,0.78,2.32,14.6,14.02,1.48
000300.SH,20260319,67546437486404.0,51546187355415.0,4377618563039.0,3297272522632.0,1111894348880.0,0.77,2.29,14.65,14.09,1.49
000300.SH,20260318,67986070379396.0,52059311599775.0,4377626516019.0,3297272522594.0,1111894348842.0,0.71,2.11,14.75,14.18,1.5
000300.SH,20260317,67879248801637.0,51970888289082.0,4376254633273.0,3297272522594.0,1111803572988.0,0.8,2.37,14.73,14.16,1.49
000300.SH,20260316,68084852601139.0,52180646442488.0,4375993623069.0,3296976949864.0,1111508000258.0,0.9,2.67,14.77,14.2,1.5
000300.SH,20260313,68122365657541.0,52183694435482.0,4375993623069.0,3296976949864.0,1111521971558.0,0.94,2.8,14.78,14.21,1.5
000300.SH,20260312,68351447387965.0,52402948577994.0,4375978977211.0,3296962304006.0,1111507325700.0,0.92,2.73,14.87,14.26,1.51
000300.SH,20260311,68351541611415.0,52469348632877.0,4375979010551.0,3296962304006.0,1111507325700.0,0.82,2.43,14.87,14.26,1.51
000300.SH,20260310,67816017380790.0,52109941449729.0,4375978795360.0,3296962166447.0,1111507188141.0,0.8,2.37,14.79,14.15,1.49
000300.SH,20260309,67661505356151.0,51835026598881.0,4375942420121.0,3296962066639.0,1111788160241.0,0.98,2.9,14.83,14.15,1.49
000300.SH,20260306,67850184956654.0,52141752675306.0,4375942535780.0,3296962320674.0,1111788414276.0,0.72,2.15,14.86,14.19,1.5
000300.SH,20260305,67816032698307.0,52074771685119.0,4375943002530.0,3296963052971.0,1111353398483.0,0.79,2.33,14.86,14.18,1.49
000300.SH,20260304,67483926715989.0,51746593347375.0,4375940197511.0,3296963052969.0,1111327102724.0,0.92,2.73,14.79,14.11,1.49
000300.SH,20260303,68271759758262.0,52369316548295.0,4375933006123.0,3296960525078.0,1111346841040.0,1.12,3.33,14.96,14.28,1.5
000300.SH,20260302,68271518987806.0,52597177065971.0,4375933006123.0,3296959494673.0,1111345810635.0,1.06,3.14,14.96,14.28,1.5
000300.SH,20260227,67526168136600.0,52165767602578.0,4375933006123.0,3296959494673.0,1111345810635.0,0.79,2.35,14.8,14.13,1.49
000300.SH,20260226,67632518319110.0,52276031058359.0,4375933006123.0,3296959494673.0,1111326153147.0,0.71,2.11,14.82,14.15,1.49
000300.SH,20260225,67889518054618.0,52414719722665.0,4375850758007.0,3296959494660.0,1111317106223.0,0.86,2.56,14.88,14.2,1.5
000300.SH,20260224,67694368225375.0,52178942615643.0,4375850758007.0,3296959494660.0,1111317106223.0,0.66,1.97,14.83,14.15,1.49
000300.SH,20260213,67015137179527.0,51714398643345.0,4375850722259.0,3295212769348.0,1109611358174.0,0.57,1.7,14.69,14.01,1.48
000300.SH,20260212,67939738573635.0,52416088433511.0,4375840783988.0,3295212714577.0,1109590303403.0,0.6,1.78,14.89,14.2,1.5
000300.SH,20260211,68060860795790.0,52483844015410.0,4375780964051.0,3295214834914.0,1109578377067.0,0.53,1.56,14.92,14.23,1.5
000300.SH,20260210,68061367825799.0,52512132746172.0,4375776042381.0,3295215610715.0,1109610612681.0,0.57,1.69,14.92,14.23,1.5
000300.SH,20260209,67919075348558.0,52440470331776.0,4375710143173.0,3295215601507.0,1109572676223.0,0.63,1.87,14.88,14.2,1.5
000300.SH,20260206,67151851475849.0,51780030652220.0,4375433926452.0,3295215544186.0,1109567817254.0,0.62,1.83,14.72,14.04,1.48
000300.SH,20260205,67362243969859.0,51978961442894.0,4375433414578.0,3295213447905.0,1109565720973.0,0.72,2.14,14.76,14.08,1.48
000300.SH,20260204,67588501958855.0,52185399675110.0,4375426713398.0,3295213303479.0,1109521294569.0,0.8,2.39,14.81,14.13,1.49
000300.SH,20260203,66830226609752.0,51655434220736.0,4375509148512.0,3295213278394.0,1109521269484.0,0.81,2.39,14.65,13.97,1.47
000300.SH,20260202,66505960551492.0,51295721943888.0,4375509808796.0,3294752316714.0,1109521269017.0,0.93,2.75,14.57,13.91,1.47
000300.SH,20260130,67809956268136.0,52213425830493.0,4375493838858.0,3292186855027.0,1109507926320.0,0.97,2.88,14.86,14.18,1.49
000300.SH,20260129,68468262776370.0,52700737181911.0,4375493757516.0,3292186773685.0,1109212002344.0,1.26,3.75,15.0,14.31,1.51
000300.SH,20260128,67914911575460.0,52293597086046.0,4375493026586.0,3292186253937.0,1109211482596.0,1.16,3.45,14.88,14.2,1.5
000300.SH,20260127,67620866129075.0,52181287307681.0,4375492935812.0,3292186163163.0,1109211391822.0,0.92,2.72,14.82,14.14,1.49
000300.SH,20260126,67658544732066.0,52204382255483.0,4375492832719.0,3292186060070.0,1109211288729.0,1.1,3.27,14.83,14.15,1.49
000300.SH,20260123,67320226665396.0,52018864339308.0,4375492120957.0,3292185348308.0,1109200959152.0,0.96,2.84,14.75,14.08,1.48
000300.SH,20260122,67733763167651.0,52318683044987.0,4375433680195.0,3292149202936.0,1109194697699.0,0.83,2.47,14.84,14.17,1.49
000300.SH,20260121,67779174527371.0,52338879244234.0,4375433680195.0,3292429567461.0,1109469458539.0,0.81,2.4,14.85,14.18,1.49
000300.SH,20260120,67973017114673.0,52464832204028.0,4375433680195.0,3292429567461.0,1109213564791.0,0.86,2.55,14.9,14.22,1.5
000300.SH,20260119,67924341768454.0,52457816360041.0,4375433680195.0,3291392195219.0,1109210107297.0,0.81,2.41,14.89,14.22,1.5
000300.SH,20260116,67954456156418.0,52473291594967.0,4375435257595.0,3291380541798.0,1109191892096.0,0.99,2.93,14.89,14.22,1.5
000300.SH,20260115,68391926656450.0,52766248496402.0,4375436133669.0,3290656986291.0,1108434744879.0,0.77,2.29,14.99,14.32,1.51
000300.SH,20260114,68506667284519.0,52826449166932.0,4375269734308.0,3290709591477.0,1108486198689.0,1.11,3.29,15.01,14.35,1.51
000300.SH,20260113,68983477012903.0,53171056903787.0,4375238924479.0,3290707878856.0,1108454535383.0,0.92,2.72,15.12,14.46,1.52
000300.SH,20260112,69132684646810.0,53382418281583.0,4375192646358.0,3290678842140.0,1108487875275.0,0.9,2.66,15.15,14.48,1.52
000300.SH,20260109,68768235780185.0,53054145245148.0,4375562198758.0,3291043228649.0,1108843810333.0,0.77,2.3,15.07,14.41,1.52
000300.SH,20260108,68490032524595.0,52805261103388.0,4375561819702.0,3291038875605.0,1108832912699.0,0.73,2.15,15.01,14.35,1.51
000300.SH,20260107,68918962598410.0,53146990797903.0,4375558497204.0,3290958355027.0,1108752392121.0,0.79,2.34,15.1,14.44,1.52
000300.SH,20260106,69297230639028.0,53360633461124.0,4375558543355.0,3290968402023.0,1108746252100.0,0.9,2.68,15.19,14.52,1.53
000300.SH,20260105,68413332352343.0,52543588175039.0,4375556158928.0,3290659427534.0,1108714056071.0,0.71,2.11,14.99,14.33,1.51
000905.SH,20260717,17917957082178.0,15035989921240.0,1222702265446.0,1101777842065.0,557582006072.0,2.15,4.25,37.17,35.5,2.39
000905.SH,20260716,18926726091072.0,15842682709201.0,1222701730959.0,1101773676363.0,557599210560.0,1.75,3.46,39.27,37.5,2.52
000905.SH,20260715,19346619022612.0,16200535968728.0,1222698781643.0,1101768841018.0,557594375215.0,1.9,3.75,40.14,38.35,2.58
000905.SH,20260714,19590523352705.0,16393016624092.0,1222698781643.0,1101762592378.0,557588126575.0,1.96,3.87,40.64,38.85,2.61
000905.SH,20260713,19240998162042.0,16119881770826.0,1222715781043.0,1101760703944.0,557586238141.0,2.03,4.02,39.92,38.15,2.56
000905.SH,20260710,20072595472309.0,16796762951097.0,1222715781043.0,1101720087025.0,557586238141.0,2.28,4.51,41.64,39.81,2.67
000905.SH,20260709,20402684784833.0,17045645012261.0,1222718478918.0,1101720087025.0,557534798215.0,1.95,3.86,42.33,40.46,2.71
000905.SH,20260708,19820371068077.0,16608148442847.0,1222696197084.0,1101713913025.0,557503260515.0,1.79,3.54,41.12,39.31,2.63
000905.SH,20260707,20073161683471.0,16851255125904.0,1222692790000.0,1101713615525.0,557499107865.0,1.81,3.58,41.64,39.81,2.67
000905.SH,20260706,20413503648498.0,17147425789975.0,1222689359799.0,1101691453384.0,557017297193.0,2.09,4.13,42.35,40.49,2.71
000905.SH,20260703,20602648888089.0,17329782225979.0,1222702952129.0,1101705045714.0,556953281233.0,2.09,4.13,42.74,40.86,2.73
000905.SH,20260702,20451002192177.0,17222267736121.0,1222713012717.0,1101715294301.0,556934424685.0,2.37,4.69,42.43,40.56,2.71
000905.SH,20260701,21209240677292.0,17810493180591.0,1222740772403.0,1101736716520.0,556965232316.0,2.39,4.72,44.0,42.06,2.82
000905.SH,20260630,21187243734798.0,17731877870605.0,1222677911960.0,1101431435930.0,556874717705.0,2.04,4.03,43.96,42.02,2.81
000905.SH,20260629,20783226682830.0,17370586351134.0,1222698787319.0,1101300787839.0,556446399457.0,2.28,4.52,43.12,41.22,2.76
000905.SH,20260626,20525607506742.0,17127493927224.0,1222582908718.0,1100521483320.0,556006101855.0,2.35,4.65,42.58,40.71,2.72
000905.SH,20260625,21077375343474.0,17593515163202.0,1222582377798.0,1099976056234.0,555593784856.0,2.36,4.68,43.73,41.8,2.79
000905.SH,20260624,20881914698433.0,17458936280983.0,1222579207798.0,1099976056234.0,555393365953.0,2.23,4.42,43.32,41.42,2.76
000905.SH,20260623,20540362944747.0,17222926997396.0,1222569034512.0,1099967016443.0,555382483488.0,2.48,4.9,42.61,40.74,2.72
000905.SH,20260622,20880816632987.0,17538173522165.0,1222558152638.0,1099965284215.0,555377165832.0,2.55,5.04,43.32,41.41,2.76
000905.SH,20260618,20420518192086.0,17154995853102.0,1222521746869.0,1099933163317.0,555344904934.0,2.18,4.31,42.36,40.5,2.7
000905.SH,20260617,20353562644378.0,17129889617094.0,1221876339090.0,1099299330407.0,554983715867.0,2.04,4.05,42.23,40.37,2.69
000905.SH,20260616,20091941304192.0,16953631802567.0,1221522984405.0,1098952333859.0,554869928006.0,2.11,4.17,41.68,39.85,2.65
000905.SH,20260615,19888453155861.0,16749708617476.0,1221498844624.0,1098535261789.0,554843944394.0,2.33,4.61,41.26,39.45,2.63
000905.SH,20260612,19058944764667.0,16549023938492.0,1257814955667.0,1130496319917.0,579598774770.0,2.36,4.59,37.71,35.5,2.47
000905.SH,20260611,18856092341566.0,16374271257126.0,1257730185845.0,1130410522037.0,579520821648.0,1.74,3.4,37.31,35.12,2.44
000905.SH,20260610,18913347460141.0,16434566694929.0,1257726978213.0,1130407828039.0,579526916650.0,1.87,3.64,37.42,35.23,2.45
000905.SH,20260609,19165542590996.0,16663754159528.0,1256519451849.0,1130139484235.0,579321547761.0,1.85,3.61,37.92,35.7,2.48
000905.SH,20260608,18710268129180.0,16277935625877.0,1256110073946.0,1129727953050.0,578944329560.0,2.17,4.23,37.02,34.85,2.42
000905.SH,20260605,19388318254206.0,16857512260475.0,1256100702507.0,1129722533510.0,578933448320.0,2.19,4.27,38.36,36.12,2.51
000905.SH,20260604,19684980692500.0,17064204132590.0,1255928936750.0,1129135436308.0,578496168426.0,2.04,3.99,38.95,36.67,2.55
000905.SH,20260603,19708181478258.0,17112343012034.0,1255551784627.0,1128929771142.0,578338617855.0,2.25,4.38,39.0,36.71,2.55
000905.SH,20260602,19588184725307.0,17034082728481.0,1254780378097.0,1128870433829.0,578221028137.0,2.12,4.14,38.76,36.49,2.53
000905.SH,20260601,19515283364441.0,16960776850754.0,1254671348286.0,1128761404018.0,578164709410.0,2.29,4.47,38.62,36.35,2.53
000905.SH,20260529,19731082140782.0,17117835288614.0,1254194654101.0,1128359873324.0,577899897884.0,2.49,4.87,39.04,36.75,2.55
000905.SH,20260528,20126855303090.0,17466952769004.0,1253962706561.0,1128155106845.0,577745588385.0,2.15,4.19,39.83,37.49,2.6
000905.SH,20260527,20010977597173.0,17415450177228.0,1253962706561.0,1128154070142.0,577717318839.0,2.3,4.49,39.6,37.28,2.58
000905.SH,20260526,20276603460822.0,17641398800855.0,1253962536998.0,1128151806554.0,577641349548.0,2.19,4.28,40.12,37.77,2.62
000905.SH,20260525,20355516760355.0,17711484060025.0,1253480954405.0,1127669547406.0,577384304537.0,2.08,4.07,40.28,37.92,2.63
000905.SH,20260522,20032127841808.0,17458985398317.0,1253468829776.0,1127647839999.0,577365029230.0,1.97,3.84,39.64,37.32,2.58
000905.SH,20260521,19696219448611.0,17162762697035.0,1253489739307.0,1127666096978.0,577350780030.0,2.48,4.84,38.97,36.69,2.54
000905.SH,20260520,20214301479422.0,17614912418583.0,1253490988557.0,1127666096338.0,577324255495.0,2.04,3.99,40.0,37.65,2.61
000905.SH,20260519,20141173265718.0,17586816756758.0,1253286811909.0,1127461640432.0,577166576801.0,2.16,4.23,39.85,37.52,2.6
000905.SH,20260518,19984868086134.0,17443518446430.0,1252996321463.0,1127263406979.0,577057121881.0,2.05,4.0,39.54,37.23,2.58
000905.SH,20260515,19982499031692.0,17420810582578.0,1252979696151.0,1127246168332.0,576975295234.0,2.4,4.7,39.54,37.22,2.57
000905.SH,20260514,20291327815735.0,17693879061513.0,1252938040938.0,1127302572415.0,577028812347.0,2.57,5.02,40.15,37.81,2.61
000905.SH,20260513,20840274100502.0,18170951908532.0,1252938040938.0,1127302572415.0,576948168967.0,2.25,4.4,41.24,38.83,2.68
000905.SH,20260512,20560065281960.0,17920953063431.0,1252959012195.0,1127318410518.0,576899608444.0,2.39,4.68,40.68,38.31,2.65
000905.SH,20260511,20657490448548.0,18007992380603.0,1252957603268.0,1127318038980.0,576811691222.0,2.56,5.0,40.88,38.49,2.66
000905.SH,20260508,20300530214410.0,17728024329305.0,1252268193246.0,1125189815458.0,576371121447.0,2.41,4.7,40.17,37.82,2.61
000905.SH,20260507,20328022042905.0,17728198654388.0,1252202950096.0,1125126198883.0,576196139821.0,2.41,4.7,40.22,37.87,2.62
000905.SH,20260506,20075687105356.0,17529594724591.0,1252204617596.0,1125127895652.0,576213836218.0,2.44,4.77,39.72,37.52,2.58
000905.SH,20260430,19535791792859.0,17078376736816.0,1252204617596.0,1125090692329.0,576183985218.0,2.2,4.3,38.66,36.51,2.52
000905.SH,20260429,19537074649091.0,17098743794539.0,1252045380325.0,1124964556508.0,577378205291.0,2.05,4.0,38.6,36.97,2.52
000905.SH,20260428,19219541389302.0,16818704823538.0,1252042496443.0,1124110948864.0,577500610362.0,1.96,3.81,37.0,36.54,2.49
000905.SH,20260427,19425935952986.0,16987383681805.0,1252042357483.0,1124074697596.0,575821867434.0,2.0,3.9,36.96,36.68,2.52
000905.SH,20260424,19318710956389.0,16902603302060.0,1251986254831.0,1124026149368.0,575514189258.0,1.98,3.86,37.06,36.48,2.52
000905.SH,20260423,19424759711811.0,17019211004112.0,1251985897781.0,1123666033975.0,575233265153.0,2.22,4.34,37.37,36.84,2.54
000905.SH,20260422,19600951535749.0,17169767856194.0,1251982974875.0,1123663272159.0,575047967519.0,1.9,3.71,37.88,37.25,2.58
000905.SH,20260421,19376851081097.0,16964100701197.0,1251790458491.0,1123473421235.0,574727796311.0,1.8,3.51,37.45,36.72,2.55
000905.SH,20260420,19409974787728.0,16986984052694.0,1251789573765.0,1123472337962.0,575105449859.0,1.9,3.72,37.53,36.79,2.56
000905.SH,20260417,19250694865758.0,16841270305159.0,1251788555968.0,1123437617776.0,575440851126.0,1.71,3.33,37.4,36.46,2.54
000905.SH,20260416,19185405650720.0,16773845596142.0,1251788555968.0,1123440851663.0,575449751540.0,1.68,3.27,37.33,36.43,2.53
000905.SH,20260415,18900861373481.0,16525086902795.0,1251788549968.0,1123428746580.0,575134371497.0,1.81,3.54,36.79,36.13,2.49
000905.SH,20260414,18967896429444.0,16595518440463.0,1251788723659.0,1123124266809.0,575091234544.0,1.91,3.73,37.56,36.46,2.5
000905.SH,20260413,18710812989927.0,16371950129693.0,1251788723659.0,1123060792905.0,574765027543.0,1.74,3.39,37.1,36.05,2.47
000905.SH,20260410,18709252048751.0,16365396916321.0,1251788723621.0,1123057577302.0,574769054641.0,1.81,3.54,36.99,35.94,2.47
000905.SH,20260409,18545632706795.0,16170283726322.0,1251761834546.0,1118654548988.0,574780739117.0,1.7,3.32,36.72,35.59,2.45
000905.SH,20260408,18669235148326.0,16282255323017.0,1251679268554.0,1118652256368.0,574709355597.0,2.07,4.04,37.07,35.84,2.47
000905.SH,20260407,17841702289315.0,15567076140107.0,1251679268554.0,1118650402283.0,574656243961.0,1.31,2.56,35.66,34.46,2.36
000905.SH,20260403,17756586516073.0,15493399605685.0,1251679264230.0,1118650629259.0,574603470937.0,1.36,2.64,35.51,34.29,2.34
000905.SH,20260402,17942368164155.0,15651384204622.0,1251678849183.0,1118650365157.0,574590044227.0,1.54,2.99,35.88,34.66,2.37
000905.SH,20260401,18251926465018.0,15914361500060.0,1251349249073.0,1118273583568.0,574172006084.0,1.57,3.06,36.53,35.25,2.41
000905.SH,20260331,17927131796051.0,15656465389941.0,1251345515901.0,1118271114893.0,574268204778.0,1.78,3.47,35.91,34.6,2.37
000905.SH,20260330,18261621259913.0,15946178532869.0,1251343968995.0,1118270185457.0,573826677914.0,1.77,3.45,37.39,35.15,2.42
000905.SH,20260327,18232448640771.0,15913445303163.0,1251336625197.0,1118255356372.0,573399729478.0,1.68,3.28,37.49,35.22,2.42
000905.SH,20260326,18013079596472.0,15738460286068.0,1251336609197.0,1118271123953.0,573441321737.0,1.84,3.6,37.02,34.64,2.39
000905.SH,20260325,18304392623470.0,15984930850434.0,1251336609197.0,1118342791245.0,573512989029.0,2.15,4.2,38.1,35.35,2.43
000905.SH,20260324,17932822287668.0,15653291122389.0,1251330065114.0,1118339058329.0,573496256113.0,2.05,3.99,37.36,34.63,2.38
000905.SH,20260323,17532234103798.0,15313605725734.0,1251340999343.0,1118367995707.0,573360255240.0,2.43,4.74,36.14,33.6,2.33
000905.SH,20260320,18274901520025.0,15949016479985.0,1251294998518.0,1118367363782.0,573138487168.0,1.96,3.83,37.86,35.08,2.42
000905.SH,20260319,18542029027661.0,16176069654584.0,1251295340315.0,1118367632168.0,573053063083.0,1.96,3.83,38.52,35.63,2.46
000905.SH,20260318,19024713788184.0,16596223496676.0,1251302265169.0,1118374557022.0,573059987937.0,1.85,3.6,39.38,36.47,2.52
000905.SH,20260317,18855119557551.0,16460905780915.0,1251302265169.0,1118374557022.0,573059987937.0,2.06,4.02,39.12,36.16,2.5
000905.SH,20260316,19221804453036.0,16786836431855.0,1251299981901.0,1118374667054.0,573063731041.0,2.29,4.47,39.98,36.9,2.55
000905.SH,20260313,19330309561540.0,16914827168359.0,1251169082349.0,1118406930764.0,573303760312.0,2.58,5.03,40.32,37.11,2.57
000905.SH,20260312,19599516302535.0,17139588054449.0,1250901478731.0,1118140043443.0,573038943193.0,2.53,4.93,40.88,37.63,2.6
000905.SH,20260311,19665910671528.0,17187102109081.0,1250902209632.0,1118139539344.0,572997632778.0,2.37,4.62,41.02,37.76,2.61
000905.SH,20260310,19666113012924.0,17177567966368.0,1250886098465.0,1118123828177.0,572902059822.0,2.15,4.19,41.03,37.76,2.61
000905.SH,20260309,19361653893186.0,16936128515742.0,1250851782439.0,1118123828151.0,572932820280.0,2.56,5.0,40.4,37.18,2.57
000905.SH,20260306,19553786950420.0,17095146448096.0,1250810003990.0,1118082049702.0,572887304569.0,2.1,4.09,40.8,37.55,2.6
000905.SH,20260305,19420161466200.0,16983397158775.0,1250866437809.0,1118137941052.0,572815848027.0,2.29,4.48,40.62,37.34,2.58
000905.SH,20260304,19294708420652.0,16880869185325.0,1250813680605.0,1118074251467.0,572749060042.0,2.43,4.75,40.36,37.1,2.56
000905.SH,20260303,19381286355572.0,16954794875206.0,1250800666625.0,1118061266238.0,572716289220.0,3.1,6.04,40.54,37.27,2.58
000905.SH,20260302,20204969761453.0,17660797914643.0,1250668546690.0,1117929134122.0,572573046896.0,3.03,5.92,42.26,38.85,2.69
000905.SH,20260227,20190393929639.0,17624878813573.0,1250588853389.0,1117483416032.0,571948882729.0,2.51,4.9,42.25,38.84,2.68
000905.SH,20260226,19980214725615.0,17429319063373.0,1250560180321.0,1117453463964.0,571916101861.0,2.27,4.44,41.81,38.56,2.66
000905.SH,20260225,19944442455065.0,17386376764959.0,1250560180321.0,1117453436331.0,571912785694.0,2.49,4.86,41.73,38.47,2.65
000905.SH,20260224,19640179500660.0,17118294582518.0,1250560180321.0,1117453436331.0,571911973018.0,2.01,3.93,41.1,38.03,2.61
000905.SH,20260213,19415261376994.0,16907833085179.0,1250420191521.0,1117452445258.0,571673453806.0,1.81,3.55,40.63,37.55,2.58
000905.SH,20260212,19690553196718.0,17164525425168.0,1250420191521.0,1117448467907.0,571612190224.0,1.9,3.71,41.2,38.08,2.62
000905.SH,20260211,19496581197335.0,16993447917622.0,1250312533121.0,1117448467907.0,571604232424.0,1.83,3.57,40.8,37.7,2.59
000905.SH,20260210,19438113614957.0,16941146398491.0,1249751379681.0,1117423751713.0,571555596133.0,1.75,3.43,40.67,37.6,2.59
000905.SH,20260209,19437790862021.0,16944091653305.0,1249751379681.0,1117418285442.0,571545571462.0,1.89,3.7,40.68,37.6,2.59
000905.SH,20260206,19075369953025.0,16613930566311.0,1249700910581.0,1117040624218.0,571490764224.0,1.96,3.83,39.92,36.9,2.54
000905.SH,20260205,19083709345677.0,16618977652583.0,1249669363369.0,1117040624167.0,571962347039.0,2.08,4.05,39.94,36.92,2.54
000905.SH,20260204,19409173302883.0,16910978530864.0,1249669287979.0,1117040431924.0,571638783089.0,2.41,4.7,40.62,37.6,2.59
000905.SH,20260203,19332786046375.0,16834836562356.0,1249669287626.0,1117037649917.0,571647618859.0,2.44,4.76,40.46,37.45,2.58
000905.SH,20260202,18791833313783.0,16362871517739.0,1249669169370.0,1117037648514.0,571651035531.0,2.68,5.24,39.33,36.4,2.5
000905.SH,20260130,19582714580188.0,17036538673439.0,1249669224970.0,1117036951789.0,571639835147.0,2.94,5.75,40.98,37.93,2.61
000905.SH,20260129,19919661164397.0,17332639383097.0,1249472213685.0,1116916153852.0,571519037210.0,3.17,6.2,41.69,38.58,2.65
000905.SH,20260128,20103525172874.0,17472187237652.0,1249462713118.0,1116907267660.0,571500894694.0,2.79,5.46,42.07,38.95,2.68
000905.SH,20260127,19961163814140.0,17353683267540.0,1249457700468.0,1116902255010.0,571471608644.0,2.71,5.3,41.78,38.7,2.66
000905.SH,20260126,19871594095409.0,17300254711305.0,1249416111821.0,1116860879085.0,571648119151.0,3.13,6.11,41.59,38.52,2.65
000905.SH,20260123,20061696410855.0,17463810719620.0,1249415735473.0,1116867402752.0,571654642818.0,2.86,5.59,41.99,38.9,2.67
000905.SH,20260122,19633136499079.0,17082993304404.0,1249363719601.0,1116867402752.0,571756447172.0,2.41,4.7,41.09,38.07,2.62
000905.SH,20260121,19506864995490.0,16972642222089.0,1249119648817.0,1116857201642.0,571710336175.0,2.18,4.26,40.82,37.82,2.6
000905.SH,20260120,19295906039574.0,16795985223420.0,1249125037045.0,1116862314001.0,571710334734.0,2.6,5.07,40.38,37.41,2.57
000905.SH,20260119,19392983490094.0,16863544841076.0,1249129589224.0,1116862313770.0,571649748674.0,2.34,4.57,40.59,37.6,2.59
000905.SH,20260116,19272975901409.0,16729776203986.0,1249128288514.0,1116467678089.0,571560049942.0,2.53,4.93,40.33,37.38,2.57
000905.SH,20260115,19224029782864.0,16711868550090.0,1249128288514.0,1116467347422.0,571550262775.0,2.81,5.49,40.23,37.3,2.56
000905.SH,20260114,19241336159444.0,16743149218521.0,1249125457441.0,1116467347422.0,571259843515.0,3.79,7.4,40.27,37.33,2.57
000905.SH,20260113,19063149519117.0,16590097105078.0,1249122635438.0,1116459034063.0,571214931293.0,3.26,6.37,39.9,36.99,2.54
000905.SH,20260112,19216863437795.0,16784555679042.0,1237132925231.0,1116457211563.0,570079549413.0,3.0,5.88,40.22,37.29,2.56
000905.SH,20260109,18820011350037.0,16421093838126.0,1237791659397.0,1117798763037.0,570858681210.0,2.81,5.51,39.29,36.43,2.51
000905.SH,20260108,18455444687314.0,16099141231477.0,1237789836897.0,1117787408127.0,570783580260.0,2.63,5.14,38.53,35.72,2.46
000905.SH,20260107,18422456717515.0,16073542438851.0,1237788222200.0,1117787408127.0,570745923651.0,2.63,5.15,38.46,35.66,2.45
000905.SH,20260106,18275192806319.0,15953583943762.0,1237787178744.0,1117760656584.0,570733631825.0,2.8,5.49,38.16,35.38,2.43
000905.SH,20260105,17912597819790.0,15624071578833.0,1237756599502.0,1117741766042.0,570630545859.0,2.25,4.41,37.4,34.67,2.38
