trade_date,close_sh,pct_change_sh,close_sz,pct_change_sz,net_amount,net_amount_rate,buy_elg_amount,buy_elg_amount_rate,buy_lg_amount,buy_lg_amount_rate,buy_md_amount,buy_md_amount_rate,buy_sm_amount,buy_sm_amount_rate
20260717,3764.15,-3.05,13706.88,-5.4,-156876767232.0,-5.91,-100187557888.0,-3.77,-56689209344.0,-2.14,38244450304.0,1.44,118632316928.0,4.47
20260716,3882.41,-1.85,14488.65,-1.97,-83885834240.0,-3.49,-42946482176.0,-1.79,-40939352064.0,-1.7,16797376512.0,0.7,67088457728.0,2.79
20260715,3955.58,-0.29,14779.4,-0.97,-49793695744.0,-1.94,-37215404032.0,-1.45,-12578291712.0,-0.49,9318428672.0,0.36,40475271168.0,1.57
20260714,3967.13,1.36,14924.87,2.77,10895224832.0,0.4,16155447296.0,0.6,-5260222464.0,-0.19,-27778514944.0,-1.03,16883290112.0,0.62
20260713,3913.79,-2.06,14522.85,-3.48,-169893306368.0,-6.03,-106502647808.0,-3.78,-63390658560.0,-2.25,52130734080.0,1.85,117762572288.0,4.18
20260710,3996.16,-1.0,15046.67,-2.29,-39791411200.0,-1.17,-29097578496.0,-0.86,-10693832704.0,-0.32,6425595904.0,0.19,33365807104.0,0.98
20260709,4036.59,1.65,15398.73,3.07,22458605568.0,0.77,33968738304.0,1.17,-11510132736.0,-0.4,-41330294784.0,-1.42,18871689216.0,0.65
20260708,3970.88,-0.49,14939.73,-1.87,-69823209472.0,-2.72,-35576537088.0,-1.39,-34246672384.0,-1.34,532500480.0,0.02,69290704896.0,2.7
20260707,3990.24,-1.26,15225.11,-1.24,-83400765440.0,-3.23,-46344843264.0,-1.8,-37055922176.0,-1.44,13238075392.0,0.51,70162685952.0,2.72
20260706,4041.24,-0.06,15416.8,-1.16,-87292760064.0,-2.82,-55202635776.0,-1.79,-32090124288.0,-1.04,20630302720.0,0.67,66662465536.0,2.16
20260703,4043.64,0.37,15597.51,0.64,-17591480320.0,-0.55,-5663084544.0,-0.18,-11928395776.0,-0.37,-2171191296.0,-0.07,19762675712.0,0.62
20260702,4028.9,-2.03,15498.81,-3.85,-121796407296.0,-3.53,-83088596992.0,-2.41,-38707810304.0,-1.12,64611680256.0,1.87,57184722944.0,1.66
20260701,4112.45,0.44,16119.17,-0.53,-59577946112.0,-1.63,-46766772224.0,-1.28,-12811173888.0,-0.35,23943110656.0,0.65,35634839552.0,0.97
20260630,4094.4,0.5,16205.56,2.48,41048055808.0,1.25,46272344064.0,1.41,-5224288256.0,-0.16,-33207398400.0,-1.01,-7840657408.0,-0.24
20260629,4073.9,1.16,15812.87,0.19,-49534365696.0,-1.41,-29354967040.0,-0.83,-20179398656.0,-0.57,-1837215744.0,-0.05,51371577344.0,1.46
20260626,4027.26,-2.26,15782.22,-3.44,-173838635008.0,-4.89,-122476199936.0,-3.45,-51362435072.0,-1.45,55453044736.0,1.56,118385590272.0,3.33
20260625,4120.28,0.23,16344.08,1.82,-21444894720.0,-0.6,2163806208.0,0.06,-23608700928.0,-0.66,-16184360960.0,-0.45,37629255680.0,1.05
20260624,4110.81,0.11,16051.32,1.24,13393092608.0,0.41,31434166272.0,0.96,-18041073664.0,-0.55,-24891990016.0,-0.76,11498901504.0,0.35
20260623,4106.25,-1.37,15854.2,-3.17,-157385863168.0,-4.57,-104665960448.0,-3.04,-52719902720.0,-1.53,48047218688.0,1.4,109338636288.0,3.18
20260622,4163.1,1.78,16372.5,2.13,-17462800384.0,-0.47,-6784880640.0,-0.18,-10677919744.0,-0.29,60784640.0,0.0,17402019840.0,0.47
20260618,4090.48,-0.43,16030.7,0.94,-44894674944.0,-1.36,-13339779072.0,-0.4,-31554895872.0,-0.95,-14499520512.0,-0.44,59394195456.0,1.79
20260617,4108.08,0.4,15880.95,1.31,-21557907456.0,-0.7,2294206464.0,0.07,-23852113920.0,-0.77,-12472233984.0,-0.4,34030145536.0,1.1
20260616,4091.89,-0.11,15675.25,0.93,-17036591104.0,-0.56,-253005824.0,-0.01,-16783585280.0,-0.55,-4025237504.0,-0.13,21061824512.0,0.69
20260615,4096.47,1.61,15531.11,3.79,68517621760.0,2.26,67955965952.0,2.24,561655808.0,0.02,-46004736000.0,-1.52,-22512893952.0,-0.74
20260612,4031.51,1.12,14963.41,0.75,10664448000.0,0.33,13632696320.0,0.42,-2968248320.0,-0.09,-30444630016.0,-0.95,19780182016.0,0.62
20260611,3987.01,-0.16,14851.98,-0.68,-43068190720.0,-1.69,-19118149632.0,-0.75,-23950041088.0,-0.94,6469636096.0,0.25,36598558720.0,1.43
20260610,3993.23,-0.42,14954.1,-2.06,-105081425920.0,-4.01,-61054590976.0,-2.33,-44026834944.0,-1.68,23372042240.0,0.89,81709383680.0,3.12
20260609,4010.03,1.28,15268.71,3.02,44679221248.0,1.69,42439532544.0,1.61,2239688704.0,0.08,-36385722368.0,-1.38,-8293490688.0,-0.31
20260608,3959.34,-1.7,14821.19,-3.22,-116361314304.0,-4.17,-70307606528.0,-2.52,-46053707776.0,-1.65,29573660672.0,1.06,86787653632.0,3.11
20260605,4027.74,-0.74,15314.7,-2.21,-94891401216.0,-3.09,-58687995904.0,-1.91,-36203405312.0,-1.18,25977057280.0,0.85,68914348032.0,2.25
20260604,4057.78,-0.64,15661.57,-0.27,-57875750912.0,-2.1,-20385853440.0,-0.74,-37489897472.0,-1.36,-1348829184.0,-0.05,59224571904.0,2.15
20260603,4083.97,0.22,15704.71,0.73,-24985595904.0,-0.8,-542498816.0,-0.02,-24443097088.0,-0.78,-10757853184.0,-0.34,35743449088.0,1.14
20260602,4075.1,0.43,15591.13,1.63,-5164855296.0,-0.18,15450222592.0,0.55,-20615077888.0,-0.74,-13406949376.0,-0.48,18571804672.0,0.66
20260601,4057.74,-0.27,15340.36,-1.51,-60970070016.0,-2.12,-37912121344.0,-1.32,-23057948672.0,-0.8,13356875776.0,0.46,47613194240.0,1.65
20260529,4068.57,-0.73,15575.13,-1.81,-123333111808.0,-3.72,-75900375040.0,-2.29,-47432736768.0,-1.43,37457408000.0,1.13,85875699712.0,2.59
20260528,4098.64,0.12,15861.89,0.8,-15659479040.0,-0.53,7204052992.0,0.24,-22863532032.0,-0.77,-14563012608.0,-0.49,30222487552.0,1.02
20260527,4093.73,-1.25,15736.47,-0.88,-100141031424.0,-3.09,-55624011776.0,-1.72,-44517019648.0,-1.37,21739065344.0,0.67,78401966080.0,2.42
20260526,4145.37,-0.17,15876.16,0.12,-110758707200.0,-3.41,-70850641920.0,-2.18,-39908065280.0,-1.23,33303605248.0,1.03,77455101952.0,2.39
20260525,4152.57,0.96,15856.61,1.66,-15635116032.0,-0.49,647852032.0,0.02,-16282968064.0,-0.51,-7852851200.0,-0.24,23487959040.0,0.73
20260522,4112.9,0.87,15597.3,2.3,38840225792.0,1.34,37362839552.0,1.29,1477386240.0,0.05,-39721725952.0,-1.37,881496064.0,0.03
20260521,4077.28,-2.04,15247.27,-2.07,-145146544128.0,-4.17,-85146796032.0,-2.45,-59999748096.0,-1.72,31547240448.0,0.91,113599299584.0,3.26
20260520,4162.18,-0.18,15569.98,0.0,-54402158592.0,-1.84,-28275359744.0,-0.96,-26126798848.0,-0.88,4554809344.0,0.15,49847349248.0,1.69
20260519,4169.54,0.92,15569.91,0.26,-22547910656.0,-0.78,-6826979328.0,-0.24,-15720931328.0,-0.54,-3018473472.0,-0.1,25566392320.0,0.89
20260518,4131.53,-0.09,15530.23,-0.2,-42102411264.0,-1.45,-19388440576.0,-0.67,-22713970688.0,-0.78,2124726272.0,0.07,39977689088.0,1.38
20260515,4135.39,-1.02,15561.37,-1.17,-113439363072.0,-3.39,-66442215424.0,-1.99,-46997147648.0,-1.41,31370575872.0,0.94,82068787200.0,2.45
20260514,4177.92,-1.52,15745.74,-2.14,-174040977408.0,-5.18,-104430120960.0,-3.11,-69610856448.0,-2.07,36572704768.0,1.09,137468280832.0,4.09
20260513,4242.57,0.67,16089.75,1.67,3847471104.0,0.12,24097390592.0,0.74,-20249919488.0,-0.62,-20547080192.0,-0.63,16699604992.0,0.52
20260512,4214.49,-0.25,15824.92,-0.47,-122133704704.0,-3.77,-68559626240.0,-2.11,-53574078464.0,-1.65,29922230272.0,0.92,92211466240.0,2.84
20260511,4225.02,1.08,15899.3,2.16,-27004993536.0,-0.76,-8282591232.0,-0.23,-18722402304.0,-0.53,-5500018688.0,-0.16,32505012224.0,0.92
20260508,4179.95,0.0,15563.8,-0.5,-55190130688.0,-1.81,-27761926144.0,-0.91,-27428204544.0,-0.9,10935152640.0,0.36,44254978048.0,1.45
20260507,4180.09,0.48,15641.89,1.18,-31875440640.0,-1.01,-8898424832.0,-0.28,-22977015808.0,-0.73,2801172480.0,0.09,29074268160.0,0.92
20260506,4160.17,1.17,15459.62,2.33,20699881472.0,0.64,29609119744.0,0.92,-8909238272.0,-0.28,-16603578368.0,-0.51,-4096303104.0,-0.13
20260430,4112.16,0.11,15107.55,-0.09,-52028571648.0,-1.9,-20970106880.0,-0.77,-31058464768.0,-1.13,6064832512.0,0.22,45963730944.0,1.68
20260429,4107.51,0.71,15120.92,1.96,15381659648.0,0.59,24943591424.0,0.96,-9561931776.0,-0.37,-27128643584.0,-1.05,11746988032.0,0.45
20260428,4078.64,-0.19,14830.46,-1.1,-80426184704.0,-3.17,-43006234624.0,-1.7,-37419950080.0,-1.48,20350763008.0,0.8,60075429888.0,2.37
20260427,4086.34,0.16,14995.75,0.37,-23498403840.0,-0.91,-9627787264.0,-0.37,-13870616576.0,-0.54,-1193418752.0,-0.05,24691818496.0,0.95
20260424,4079.9,-0.33,14940.3,-0.69,-57403191296.0,-2.17,-27480719360.0,-1.04,-29922471936.0,-1.13,3069087744.0,0.12,54334103552.0,2.06
20260423,4093.25,-0.32,15043.45,-0.88,-118382546944.0,-4.22,-73112346624.0,-2.61,-45270200320.0,-1.61,29212774400.0,1.04,89169772544.0,3.18
20260422,4106.26,0.52,15177.29,1.3,-6921949184.0,-0.27,10245910528.0,0.4,-17167859712.0,-0.67,-12869357568.0,-0.5,19791310848.0,0.77
20260421,4085.08,0.07,14982.14,0.1,-53223313408.0,-2.21,-29592702976.0,-1.23,-23630610432.0,-0.98,7674249216.0,0.32,45549072384.0,1.89
20260420,4082.13,0.76,14966.75,0.55,-13447159808.0,-0.52,3703721984.0,0.14,-17150881792.0,-0.67,1785593856.0,0.07,11661561856.0,0.45
20260417,4051.43,-0.1,14885.42,0.6,-45263659008.0,-1.87,-22492729344.0,-0.93,-22770929664.0,-0.94,7027335168.0,0.29,38236327936.0,1.58
20260416,4055.55,0.7,14796.33,2.05,19199086592.0,0.82,23956197376.0,1.02,-4757110784.0,-0.2,-29546881024.0,-1.26,10347786240.0,0.44
20260415,4027.21,0.01,14498.45,-0.97,-76651974656.0,-3.17,-39802859520.0,-1.65,-36849115136.0,-1.53,12290891776.0,0.51,64361074688.0,2.66
20260414,4026.63,0.95,14639.95,1.61,-6982602752.0,-0.29,5672976384.0,0.24,-12655579136.0,-0.53,192454656.0,0.01,6790148096.0,0.28
20260413,3988.56,0.06,14407.86,0.69,-19566178304.0,-0.91,-7126974464.0,-0.33,-12439203840.0,-0.58,2803679232.0,0.13,16762494976.0,0.78
20260410,3986.22,0.51,14309.47,2.24,1458601984.0,0.06,14715826176.0,0.63,-13257224192.0,-0.57,-18882813952.0,-0.81,17424203776.0,0.75
20260409,3966.17,-0.72,13996.27,-0.33,-58280169472.0,-2.73,-26118930432.0,-1.22,-32161239040.0,-1.51,16024125440.0,0.75,42256039936.0,1.98
20260408,3995.0,2.7,14042.5,4.79,86888710144.0,3.57,76790915072.0,3.15,10097795072.0,0.41,-48032563200.0,-1.97,-38856151040.0,-1.6
20260407,3890.16,0.26,13400.41,0.36,-17913896960.0,-1.11,-905420800.0,-0.06,-17008476160.0,-1.05,-11022217216.0,-0.68,28936114176.0,1.79
20260403,3880.1,-1.0,13352.9,-0.99,-46183145472.0,-2.79,-17860673536.0,-1.08,-28322471936.0,-1.71,-5238030336.0,-0.32,51421179904.0,3.1
20260402,3919.29,-0.74,13486.94,-1.6,-86436433920.0,-4.69,-47868092416.0,-2.6,-38568341504.0,-2.09,24120176640.0,1.31,62316257280.0,3.38
20260401,3948.55,1.46,13706.52,1.7,17343229952.0,0.86,24369512448.0,1.21,-7026282496.0,-0.35,-23029116928.0,-1.14,5685895168.0,0.28
